id,index,label,semantic_source,visual_family,drawing_brief,replacement_state,art_status,runtime_bitmap_symbol,runtime_encoding,acceptance_rule,official_coverage,replacement_contract
SOU-000,0,FIRST HATCH,growth,hatch/baby growth memory,Draw `FIRST HATCH` as a 16x16 hatch/baby growth memory tied to the named memory.,needs_final_art,official semantic scene/icon reference exists,kSouvenirMemoryBitmaps[0],"16 uint16_t rows, high bit is leftmost pixel","souvenir row must remain recognizable at native 16x16, at x2 proof scale, and when placed in the compact 64x64 main scene; it must not depend on text labels, anti-aliased grayscale, or runtime image files.",official semantic reference,Replace only this 16x16 C++ memory row in EchoPetCatalogVisuals.cpp or regenerate it with the manifest row id preserved. Do not add runtime PNG/JPG/GIF loading.
SOU-001,1,BABY STEP,growth,hatch/baby growth memory,Draw `BABY STEP` as a 16x16 hatch/baby growth memory tied to the named memory.,needs_final_art,official semantic scene/icon reference exists,kSouvenirMemoryBitmaps[1],"16 uint16_t rows, high bit is leftmost pixel","souvenir row must remain recognizable at native 16x16, at x2 proof scale, and when placed in the compact 64x64 main scene; it must not depend on text labels, anti-aliased grayscale, or runtime image files.",official semantic reference,Replace only this 16x16 C++ memory row in EchoPetCatalogVisuals.cpp or regenerate it with the manifest row id preserved. Do not add runtime PNG/JPG/GIF loading.
SOU-002,2,FIRST MEAL,nurture_food,food or feeding memory,Draw `FIRST MEAL` as a 16x16 food or feeding memory tied to the named memory.,needs_final_art,official semantic scene/icon reference exists,kSouvenirMemoryBitmaps[2],"16 uint16_t rows, high bit is leftmost pixel","souvenir row must remain recognizable at native 16x16, at x2 proof scale, and when placed in the compact 64x64 main scene; it must not depend on text labels, anti-aliased grayscale, or runtime image files.",official semantic reference,Replace only this 16x16 C++ memory row in EchoPetCatalogVisuals.cpp or regenerate it with the manifest row id preserved. Do not add runtime PNG/JPG/GIF loading.
SOU-003,3,FIRST SNACK,nurture_food,food or feeding memory,Draw `FIRST SNACK` as a 16x16 food or feeding memory tied to the named memory.,needs_final_art,official semantic scene/icon reference exists,kSouvenirMemoryBitmaps[3],"16 uint16_t rows, high bit is leftmost pixel","souvenir row must remain recognizable at native 16x16, at x2 proof scale, and when placed in the compact 64x64 main scene; it must not depend on text labels, anti-aliased grayscale, or runtime image files.",official semantic reference,Replace only this 16x16 C++ memory row in EchoPetCatalogVisuals.cpp or regenerate it with the manifest row id preserved. Do not add runtime PNG/JPG/GIF loading.
SOU-004,4,CLEAN ROOM,nurture_toilet,cleaning/toilet memory,Draw `CLEAN ROOM` as a 16x16 cleaning/toilet memory tied to the named memory.,needs_final_art,official semantic scene/icon reference exists,kSouvenirMemoryBitmaps[4],"16 uint16_t rows, high bit is leftmost pixel","souvenir row must remain recognizable at native 16x16, at x2 proof scale, and when placed in the compact 64x64 main scene; it must not depend on text labels, anti-aliased grayscale, or runtime image files.",official semantic reference,Replace only this 16x16 C++ memory row in EchoPetCatalogVisuals.cpp or regenerate it with the manifest row id preserved. Do not add runtime PNG/JPG/GIF loading.
SOU-005,5,GOOD MEDS,nurture_medicine,medicine/recovery memory,Draw `GOOD MEDS` as a 16x16 medicine/recovery memory tied to the named memory.,needs_final_art,official semantic scene/icon reference exists,kSouvenirMemoryBitmaps[5],"16 uint16_t rows, high bit is leftmost pixel","souvenir row must remain recognizable at native 16x16, at x2 proof scale, and when placed in the compact 64x64 main scene; it must not depend on text labels, anti-aliased grayscale, or runtime image files.",official semantic reference,Replace only this 16x16 C++ memory row in EchoPetCatalogVisuals.cpp or regenerate it with the manifest row id preserved. Do not add runtime PNG/JPG/GIF loading.
SOU-006,6,LIGHTS OFF,nurture_lights,lights/sleep memory,Draw `LIGHTS OFF` as a 16x16 lights/sleep memory tied to the named memory.,needs_final_art,official semantic scene/icon reference exists,kSouvenirMemoryBitmaps[6],"16 uint16_t rows, high bit is leftmost pixel","souvenir row must remain recognizable at native 16x16, at x2 proof scale, and when placed in the compact 64x64 main scene; it must not depend on text labels, anti-aliased grayscale, or runtime image files.",official semantic reference,Replace only this 16x16 C++ memory row in EchoPetCatalogVisuals.cpp or regenerate it with the manifest row id preserved. Do not add runtime PNG/JPG/GIF loading.
SOU-007,7,TRAINING,nurture_training,discipline/training memory,Draw `TRAINING` as a 16x16 discipline/training memory tied to the named memory.,needs_final_art,official semantic scene/icon reference exists,kSouvenirMemoryBitmaps[7],"16 uint16_t rows, high bit is leftmost pixel","souvenir row must remain recognizable at native 16x16, at x2 proof scale, and when placed in the compact 64x64 main scene; it must not depend on text labels, anti-aliased grayscale, or runtime image files.",official semantic reference,Replace only this 16x16 C++ memory row in EchoPetCatalogVisuals.cpp or regenerate it with the manifest row id preserved. Do not add runtime PNG/JPG/GIF loading.
SOU-008,8,FIRST GAME,games,game prize or medal memory,Draw `FIRST GAME` as a 16x16 game prize or medal memory tied to the named memory.,needs_final_art,official semantic scene/icon reference exists,kSouvenirMemoryBitmaps[8],"16 uint16_t rows, high bit is leftmost pixel","souvenir row must remain recognizable at native 16x16, at x2 proof scale, and when placed in the compact 64x64 main scene; it must not depend on text labels, anti-aliased grayscale, or runtime image files.",official semantic reference,Replace only this 16x16 C++ memory row in EchoPetCatalogVisuals.cpp or regenerate it with the manifest row id preserved. Do not add runtime PNG/JPG/GIF loading.
SOU-009,9,SKIS,shop_items,shop item memory,Draw `SKIS` as a 16x16 shop item memory; key cue: paired skis cue.,needs_final_art,official semantic scene/icon reference exists,kSouvenirMemoryBitmaps[9],"16 uint16_t rows, high bit is leftmost pixel","souvenir row must remain recognizable at native 16x16, at x2 proof scale, and when placed in the compact 64x64 main scene; it must not depend on text labels, anti-aliased grayscale, or runtime image files.",official semantic reference,Replace only this 16x16 C++ memory row in EchoPetCatalogVisuals.cpp or regenerate it with the manifest row id preserved. Do not add runtime PNG/JPG/GIF loading.
SOU-010,10,PALM TREE,shop_items,shop item memory,Draw `PALM TREE` as a 16x16 shop item memory tied to the named memory.,needs_final_art,official semantic scene/icon reference exists,kSouvenirMemoryBitmaps[10],"16 uint16_t rows, high bit is leftmost pixel","souvenir row must remain recognizable at native 16x16, at x2 proof scale, and when placed in the compact 64x64 main scene; it must not depend on text labels, anti-aliased grayscale, or runtime image files.",official semantic reference,Replace only this 16x16 C++ memory row in EchoPetCatalogVisuals.cpp or regenerate it with the manifest row id preserved. Do not add runtime PNG/JPG/GIF loading.
SOU-011,11,SURFBOARD,shop_items,shop item memory,Draw `SURFBOARD` as a 16x16 shop item memory; key cue: long board cue.,needs_final_art,official semantic scene/icon reference exists,kSouvenirMemoryBitmaps[11],"16 uint16_t rows, high bit is leftmost pixel","souvenir row must remain recognizable at native 16x16, at x2 proof scale, and when placed in the compact 64x64 main scene; it must not depend on text labels, anti-aliased grayscale, or runtime image files.",official semantic reference,Replace only this 16x16 C++ memory row in EchoPetCatalogVisuals.cpp or regenerate it with the manifest row id preserved. Do not add runtime PNG/JPG/GIF loading.
SOU-012,12,PANDA BEAR,shop_items,shop item memory,Draw `PANDA BEAR` as a 16x16 shop item memory; key cue: bear/plush face cue.,needs_final_art,official semantic scene/icon reference exists,kSouvenirMemoryBitmaps[12],"16 uint16_t rows, high bit is leftmost pixel","souvenir row must remain recognizable at native 16x16, at x2 proof scale, and when placed in the compact 64x64 main scene; it must not depend on text labels, anti-aliased grayscale, or runtime image files.",official semantic reference,Replace only this 16x16 C++ memory row in EchoPetCatalogVisuals.cpp or regenerate it with the manifest row id preserved. Do not add runtime PNG/JPG/GIF loading.
SOU-013,13,MARACAS,shop_items,shop item memory,Draw `MARACAS` as a 16x16 shop item memory tied to the named memory.,needs_final_art,official semantic scene/icon reference exists,kSouvenirMemoryBitmaps[13],"16 uint16_t rows, high bit is leftmost pixel","souvenir row must remain recognizable at native 16x16, at x2 proof scale, and when placed in the compact 64x64 main scene; it must not depend on text labels, anti-aliased grayscale, or runtime image files.",official semantic reference,Replace only this 16x16 C++ memory row in EchoPetCatalogVisuals.cpp or regenerate it with the manifest row id preserved. Do not add runtime PNG/JPG/GIF loading.
SOU-014,14,SPRINT RIB,games,game prize or medal memory,Draw `SPRINT RIB` as a 16x16 game prize or medal memory tied to the named memory.,needs_final_art,official semantic scene/icon reference exists,kSouvenirMemoryBitmaps[14],"16 uint16_t rows, high bit is leftmost pixel","souvenir row must remain recognizable at native 16x16, at x2 proof scale, and when placed in the compact 64x64 main scene; it must not depend on text labels, anti-aliased grayscale, or runtime image files.",official semantic reference,Replace only this 16x16 C++ memory row in EchoPetCatalogVisuals.cpp or regenerate it with the manifest row id preserved. Do not add runtime PNG/JPG/GIF loading.
SOU-015,15,HOOP MEDAL,games,game prize or medal memory,Draw `HOOP MEDAL` as a 16x16 game prize or medal memory tied to the named memory.,needs_final_art,official semantic scene/icon reference exists,kSouvenirMemoryBitmaps[15],"16 uint16_t rows, high bit is leftmost pixel","souvenir row must remain recognizable at native 16x16, at x2 proof scale, and when placed in the compact 64x64 main scene; it must not depend on text labels, anti-aliased grayscale, or runtime image files.",official semantic reference,Replace only this 16x16 C++ memory row in EchoPetCatalogVisuals.cpp or regenerate it with the manifest row id preserved. Do not add runtime PNG/JPG/GIF loading.
SOU-016,16,FIRST SHOP,shop_items,shop item memory,Draw `FIRST SHOP` as a 16x16 shop item memory tied to the named memory.,needs_final_art,official semantic scene/icon reference exists,kSouvenirMemoryBitmaps[16],"16 uint16_t rows, high bit is leftmost pixel","souvenir row must remain recognizable at native 16x16, at x2 proof scale, and when placed in the compact 64x64 main scene; it must not depend on text labels, anti-aliased grayscale, or runtime image files.",official semantic reference,Replace only this 16x16 C++ memory row in EchoPetCatalogVisuals.cpp or regenerate it with the manifest row id preserved. Do not add runtime PNG/JPG/GIF loading.
SOU-017,17,BEST BUY,shop_items,shop item memory,Draw `BEST BUY` as a 16x16 shop item memory tied to the named memory.,needs_final_art,official semantic scene/icon reference exists,kSouvenirMemoryBitmaps[17],"16 uint16_t rows, high bit is leftmost pixel","souvenir row must remain recognizable at native 16x16, at x2 proof scale, and when placed in the compact 64x64 main scene; it must not depend on text labels, anti-aliased grayscale, or runtime image files.",official semantic reference,Replace only this 16x16 C++ memory row in EchoPetCatalogVisuals.cpp or regenerate it with the manifest row id preserved. Do not add runtime PNG/JPG/GIF loading.
SOU-018,18,SECRET CODE,password_secret,password/secret code memory,Draw `SECRET CODE` as a 16x16 password/secret code memory tied to the named memory.,needs_final_art,official semantic scene/icon reference exists,kSouvenirMemoryBitmaps[18],"16 uint16_t rows, high bit is leftmost pixel","souvenir row must remain recognizable at native 16x16, at x2 proof scale, and when placed in the compact 64x64 main scene; it must not depend on text labels, anti-aliased grayscale, or runtime image files.",official semantic reference,Replace only this 16x16 C++ memory row in EchoPetCatalogVisuals.cpp or regenerate it with the manifest row id preserved. Do not add runtime PNG/JPG/GIF loading.
SOU-019,19,PASSWORD,password_secret,password/secret code memory,Draw `PASSWORD` as a 16x16 password/secret code memory tied to the named memory.,needs_final_art,official semantic scene/icon reference exists,kSouvenirMemoryBitmaps[19],"16 uint16_t rows, high bit is leftmost pixel","souvenir row must remain recognizable at native 16x16, at x2 proof scale, and when placed in the compact 64x64 main scene; it must not depend on text labels, anti-aliased grayscale, or runtime image files.",official semantic reference,Replace only this 16x16 C++ memory row in EchoPetCatalogVisuals.cpp or regenerate it with the manifest row id preserved. Do not add runtime PNG/JPG/GIF loading.
SOU-020,20,DONATION,password_secret,password/secret code memory,Draw `DONATION` as a 16x16 password/secret code memory tied to the named memory.,needs_final_art,official semantic scene/icon reference exists,kSouvenirMemoryBitmaps[20],"16 uint16_t rows, high bit is leftmost pixel","souvenir row must remain recognizable at native 16x16, at x2 proof scale, and when placed in the compact 64x64 main scene; it must not depend on text labels, anti-aliased grayscale, or runtime image files.",official semantic reference,Replace only this 16x16 C++ memory row in EchoPetCatalogVisuals.cpp or regenerate it with the manifest row id preserved. Do not add runtime PNG/JPG/GIF loading.
SOU-021,21,GIFT BOX,shop_items,shop item memory,Draw `GIFT BOX` as a 16x16 shop item memory; key cue: box/gift cue.,needs_final_art,official semantic scene/icon reference exists,kSouvenirMemoryBitmaps[21],"16 uint16_t rows, high bit is leftmost pixel","souvenir row must remain recognizable at native 16x16, at x2 proof scale, and when placed in the compact 64x64 main scene; it must not depend on text labels, anti-aliased grayscale, or runtime image files.",official semantic reference,Replace only this 16x16 C++ memory row in EchoPetCatalogVisuals.cpp or regenerate it with the manifest row id preserved. Do not add runtime PNG/JPG/GIF loading.
SOU-022,22,VISIT TAG,connect,friend/connection memory,Draw `VISIT TAG` as a 16x16 friend/connection memory tied to the named memory.,needs_final_art,official semantic scene/icon reference exists,kSouvenirMemoryBitmaps[22],"16 uint16_t rows, high bit is leftmost pixel","souvenir row must remain recognizable at native 16x16, at x2 proof scale, and when placed in the compact 64x64 main scene; it must not depend on text labels, anti-aliased grayscale, or runtime image files.",official semantic reference,Replace only this 16x16 C++ memory row in EchoPetCatalogVisuals.cpp or regenerate it with the manifest row id preserved. Do not add runtime PNG/JPG/GIF loading.
SOU-023,23,FRIEND BADGE,connect,friend/connection memory,Draw `FRIEND BADGE` as a 16x16 friend/connection memory tied to the named memory.,needs_final_art,official semantic scene/icon reference exists,kSouvenirMemoryBitmaps[23],"16 uint16_t rows, high bit is leftmost pixel","souvenir row must remain recognizable at native 16x16, at x2 proof scale, and when placed in the compact 64x64 main scene; it must not depend on text labels, anti-aliased grayscale, or runtime image files.",official semantic reference,Replace only this 16x16 C++ memory row in EchoPetCatalogVisuals.cpp or regenerate it with the manifest row id preserved. Do not add runtime PNG/JPG/GIF loading.
SOU-024,24,BEST FRIEND,connect,friend/connection memory,Draw `BEST FRIEND` as a 16x16 friend/connection memory tied to the named memory.,needs_final_art,official semantic scene/icon reference exists,kSouvenirMemoryBitmaps[24],"16 uint16_t rows, high bit is leftmost pixel","souvenir row must remain recognizable at native 16x16, at x2 proof scale, and when placed in the compact 64x64 main scene; it must not depend on text labels, anti-aliased grayscale, or runtime image files.",official semantic reference,Replace only this 16x16 C++ memory row in EchoPetCatalogVisuals.cpp or regenerate it with the manifest row id preserved. Do not add runtime PNG/JPG/GIF loading.
SOU-025,25,PARTNER,connect,friend/connection memory,Draw `PARTNER` as a 16x16 friend/connection memory tied to the named memory.,needs_final_art,official semantic scene/icon reference exists,kSouvenirMemoryBitmaps[25],"16 uint16_t rows, high bit is leftmost pixel","souvenir row must remain recognizable at native 16x16, at x2 proof scale, and when placed in the compact 64x64 main scene; it must not depend on text labels, anti-aliased grayscale, or runtime image files.",official semantic reference,Replace only this 16x16 C++ memory row in EchoPetCatalogVisuals.cpp or regenerate it with the manifest row id preserved. Do not add runtime PNG/JPG/GIF loading.
SOU-026,26,BABY PHOTO,connect,friend/connection memory,Draw `BABY PHOTO` as a 16x16 friend/connection memory tied to the named memory.,needs_final_art,official semantic scene/icon reference exists,kSouvenirMemoryBitmaps[26],"16 uint16_t rows, high bit is leftmost pixel","souvenir row must remain recognizable at native 16x16, at x2 proof scale, and when placed in the compact 64x64 main scene; it must not depend on text labels, anti-aliased grayscale, or runtime image files.",official semantic reference,Replace only this 16x16 C++ memory row in EchoPetCatalogVisuals.cpp or regenerate it with the manifest row id preserved. Do not add runtime PNG/JPG/GIF loading.
SOU-027,27,PARENT NOTE,connect,friend/connection memory,Draw `PARENT NOTE` as a 16x16 friend/connection memory tied to the named memory.,needs_final_art,official semantic scene/icon reference exists,kSouvenirMemoryBitmaps[27],"16 uint16_t rows, high bit is leftmost pixel","souvenir row must remain recognizable at native 16x16, at x2 proof scale, and when placed in the compact 64x64 main scene; it must not depend on text labels, anti-aliased grayscale, or runtime image files.",official semantic reference,Replace only this 16x16 C++ memory row in EchoPetCatalogVisuals.cpp or regenerate it with the manifest row id preserved. Do not add runtime PNG/JPG/GIF loading.
SOU-028,28,GEN PHOTO,connect,friend/connection memory,Draw `GEN PHOTO` as a 16x16 friend/connection memory tied to the named memory.,needs_final_art,official semantic scene/icon reference exists,kSouvenirMemoryBitmaps[28],"16 uint16_t rows, high bit is leftmost pixel","souvenir row must remain recognizable at native 16x16, at x2 proof scale, and when placed in the compact 64x64 main scene; it must not depend on text labels, anti-aliased grayscale, or runtime image files.",official semantic reference,Replace only this 16x16 C++ memory row in EchoPetCatalogVisuals.cpp or regenerate it with the manifest row id preserved. Do not add runtime PNG/JPG/GIF loading.
SOU-029,29,BIRTHDAY,password_secret,password/secret code memory,Draw `BIRTHDAY` as a 16x16 password/secret code memory tied to the named memory.,needs_final_art,official semantic scene/icon reference exists,kSouvenirMemoryBitmaps[29],"16 uint16_t rows, high bit is leftmost pixel","souvenir row must remain recognizable at native 16x16, at x2 proof scale, and when placed in the compact 64x64 main scene; it must not depend on text labels, anti-aliased grayscale, or runtime image files.",official semantic reference,Replace only this 16x16 C++ memory row in EchoPetCatalogVisuals.cpp or regenerate it with the manifest row id preserved. Do not add runtime PNG/JPG/GIF loading.
SOU-030,30,ANNIV 1,password_secret,password/secret code memory,Draw `ANNIV 1` as a 16x16 password/secret code memory tied to the named memory.,needs_final_art,official semantic scene/icon reference exists,kSouvenirMemoryBitmaps[30],"16 uint16_t rows, high bit is leftmost pixel","souvenir row must remain recognizable at native 16x16, at x2 proof scale, and when placed in the compact 64x64 main scene; it must not depend on text labels, anti-aliased grayscale, or runtime image files.",official semantic reference,Replace only this 16x16 C++ memory row in EchoPetCatalogVisuals.cpp or regenerate it with the manifest row id preserved. Do not add runtime PNG/JPG/GIF loading.
SOU-031,31,ANNIV 2,password_secret,password/secret code memory,Draw `ANNIV 2` as a 16x16 password/secret code memory tied to the named memory.,needs_final_art,official semantic scene/icon reference exists,kSouvenirMemoryBitmaps[31],"16 uint16_t rows, high bit is leftmost pixel","souvenir row must remain recognizable at native 16x16, at x2 proof scale, and when placed in the compact 64x64 main scene; it must not depend on text labels, anti-aliased grayscale, or runtime image files.",official semantic reference,Replace only this 16x16 C++ memory row in EchoPetCatalogVisuals.cpp or regenerate it with the manifest row id preserved. Do not add runtime PNG/JPG/GIF loading.
SOU-032,32,ANNIV 3,password_secret,password/secret code memory,Draw `ANNIV 3` as a 16x16 password/secret code memory tied to the named memory.,needs_final_art,official semantic scene/icon reference exists,kSouvenirMemoryBitmaps[32],"16 uint16_t rows, high bit is leftmost pixel","souvenir row must remain recognizable at native 16x16, at x2 proof scale, and when placed in the compact 64x64 main scene; it must not depend on text labels, anti-aliased grayscale, or runtime image files.",official semantic reference,Replace only this 16x16 C++ memory row in EchoPetCatalogVisuals.cpp or regenerate it with the manifest row id preserved. Do not add runtime PNG/JPG/GIF loading.
SOU-033,33,ANNIV 4,password_secret,password/secret code memory,Draw `ANNIV 4` as a 16x16 password/secret code memory tied to the named memory.,needs_final_art,official semantic scene/icon reference exists,kSouvenirMemoryBitmaps[33],"16 uint16_t rows, high bit is leftmost pixel","souvenir row must remain recognizable at native 16x16, at x2 proof scale, and when placed in the compact 64x64 main scene; it must not depend on text labels, anti-aliased grayscale, or runtime image files.",official semantic reference,Replace only this 16x16 C++ memory row in EchoPetCatalogVisuals.cpp or regenerate it with the manifest row id preserved. Do not add runtime PNG/JPG/GIF loading.
SOU-034,34,ANNIV 5,password_secret,password/secret code memory,Draw `ANNIV 5` as a 16x16 password/secret code memory tied to the named memory.,needs_final_art,official semantic scene/icon reference exists,kSouvenirMemoryBitmaps[34],"16 uint16_t rows, high bit is leftmost pixel","souvenir row must remain recognizable at native 16x16, at x2 proof scale, and when placed in the compact 64x64 main scene; it must not depend on text labels, anti-aliased grayscale, or runtime image files.",official semantic reference,Replace only this 16x16 C++ memory row in EchoPetCatalogVisuals.cpp or regenerate it with the manifest row id preserved. Do not add runtime PNG/JPG/GIF loading.
SOU-035,35,CARE GOOD,nurture_training,discipline/training memory,Draw `CARE GOOD` as a 16x16 discipline/training memory tied to the named memory.,needs_final_art,official semantic scene/icon reference exists,kSouvenirMemoryBitmaps[35],"16 uint16_t rows, high bit is leftmost pixel","souvenir row must remain recognizable at native 16x16, at x2 proof scale, and when placed in the compact 64x64 main scene; it must not depend on text labels, anti-aliased grayscale, or runtime image files.",official semantic reference,Replace only this 16x16 C++ memory row in EchoPetCatalogVisuals.cpp or regenerate it with the manifest row id preserved. Do not add runtime PNG/JPG/GIF loading.
SOU-036,36,CARE HARD,nurture_training,discipline/training memory,Draw `CARE HARD` as a 16x16 discipline/training memory tied to the named memory.,needs_final_art,official semantic scene/icon reference exists,kSouvenirMemoryBitmaps[36],"16 uint16_t rows, high bit is leftmost pixel","souvenir row must remain recognizable at native 16x16, at x2 proof scale, and when placed in the compact 64x64 main scene; it must not depend on text labels, anti-aliased grayscale, or runtime image files.",official semantic reference,Replace only this 16x16 C++ memory row in EchoPetCatalogVisuals.cpp or regenerate it with the manifest row id preserved. Do not add runtime PNG/JPG/GIF loading.
SOU-037,37,SICK DAY,nurture_medicine,medicine/recovery memory,Draw `SICK DAY` as a 16x16 medicine/recovery memory tied to the named memory.,needs_final_art,official semantic scene/icon reference exists,kSouvenirMemoryBitmaps[37],"16 uint16_t rows, high bit is leftmost pixel","souvenir row must remain recognizable at native 16x16, at x2 proof scale, and when placed in the compact 64x64 main scene; it must not depend on text labels, anti-aliased grayscale, or runtime image files.",official semantic reference,Replace only this 16x16 C++ memory row in EchoPetCatalogVisuals.cpp or regenerate it with the manifest row id preserved. Do not add runtime PNG/JPG/GIF loading.
SOU-038,38,TOOTH FIX,nurture_medicine,medicine/recovery memory,Draw `TOOTH FIX` as a 16x16 medicine/recovery memory tied to the named memory.,needs_final_art,official semantic scene/icon reference exists,kSouvenirMemoryBitmaps[38],"16 uint16_t rows, high bit is leftmost pixel","souvenir row must remain recognizable at native 16x16, at x2 proof scale, and when placed in the compact 64x64 main scene; it must not depend on text labels, anti-aliased grayscale, or runtime image files.",official semantic reference,Replace only this 16x16 C++ memory row in EchoPetCatalogVisuals.cpp or regenerate it with the manifest row id preserved. Do not add runtime PNG/JPG/GIF loading.
SOU-039,39,NO MESS,nurture_toilet,cleaning/toilet memory,Draw `NO MESS` as a 16x16 cleaning/toilet memory tied to the named memory.,needs_final_art,official semantic scene/icon reference exists,kSouvenirMemoryBitmaps[39],"16 uint16_t rows, high bit is leftmost pixel","souvenir row must remain recognizable at native 16x16, at x2 proof scale, and when placed in the compact 64x64 main scene; it must not depend on text labels, anti-aliased grayscale, or runtime image files.",official semantic reference,Replace only this 16x16 C++ memory row in EchoPetCatalogVisuals.cpp or regenerate it with the manifest row id preserved. Do not add runtime PNG/JPG/GIF loading.
SOU-040,40,FULL HEART,none,memory/souvenir object,Draw `FULL HEART` as a 16x16 memory/souvenir object tied to the named memory.,needs_final_art,no direct official semantic candidate in cached how-to assets,kSouvenirMemoryBitmaps[40],"16 uint16_t rows, high bit is leftmost pixel","souvenir row must remain recognizable at native 16x16, at x2 proof scale, and when placed in the compact 64x64 main scene; it must not depend on text labels, anti-aliased grayscale, or runtime image files.",source-backed substitute; no direct cached official row,Replace only this 16x16 C++ memory row in EchoPetCatalogVisuals.cpp or regenerate it with the manifest row id preserved. Do not add runtime PNG/JPG/GIF loading.
SOU-041,41,FULL FOOD,nurture_food,food or feeding memory,Draw `FULL FOOD` as a 16x16 food or feeding memory tied to the named memory.,needs_final_art,official semantic scene/icon reference exists,kSouvenirMemoryBitmaps[41],"16 uint16_t rows, high bit is leftmost pixel","souvenir row must remain recognizable at native 16x16, at x2 proof scale, and when placed in the compact 64x64 main scene; it must not depend on text labels, anti-aliased grayscale, or runtime image files.",official semantic reference,Replace only this 16x16 C++ memory row in EchoPetCatalogVisuals.cpp or regenerate it with the manifest row id preserved. Do not add runtime PNG/JPG/GIF loading.
SOU-042,42,FULL TRAIN,nurture_training,discipline/training memory,Draw `FULL TRAIN` as a 16x16 discipline/training memory tied to the named memory.,needs_final_art,official semantic scene/icon reference exists,kSouvenirMemoryBitmaps[42],"16 uint16_t rows, high bit is leftmost pixel","souvenir row must remain recognizable at native 16x16, at x2 proof scale, and when placed in the compact 64x64 main scene; it must not depend on text labels, anti-aliased grayscale, or runtime image files.",official semantic reference,Replace only this 16x16 C++ memory row in EchoPetCatalogVisuals.cpp or regenerate it with the manifest row id preserved. Do not add runtime PNG/JPG/GIF loading.
SOU-043,43,HEAVY WIN,games,game prize or medal memory,Draw `HEAVY WIN` as a 16x16 game prize or medal memory tied to the named memory.,needs_final_art,official semantic scene/icon reference exists,kSouvenirMemoryBitmaps[43],"16 uint16_t rows, high bit is leftmost pixel","souvenir row must remain recognizable at native 16x16, at x2 proof scale, and when placed in the compact 64x64 main scene; it must not depend on text labels, anti-aliased grayscale, or runtime image files.",official semantic reference,Replace only this 16x16 C++ memory row in EchoPetCatalogVisuals.cpp or regenerate it with the manifest row id preserved. Do not add runtime PNG/JPG/GIF loading.
SOU-044,44,LIGHT SLEEP,nurture_lights,lights/sleep memory,Draw `LIGHT SLEEP` as a 16x16 lights/sleep memory tied to the named memory.,needs_final_art,official semantic scene/icon reference exists,kSouvenirMemoryBitmaps[44],"16 uint16_t rows, high bit is leftmost pixel","souvenir row must remain recognizable at native 16x16, at x2 proof scale, and when placed in the compact 64x64 main scene; it must not depend on text labels, anti-aliased grayscale, or runtime image files.",official semantic reference,Replace only this 16x16 C++ memory row in EchoPetCatalogVisuals.cpp or regenerate it with the manifest row id preserved. Do not add runtime PNG/JPG/GIF loading.
SOU-045,45,WAKE SMILE,nurture_lights,lights/sleep memory,Draw `WAKE SMILE` as a 16x16 lights/sleep memory tied to the named memory.,needs_final_art,official semantic scene/icon reference exists,kSouvenirMemoryBitmaps[45],"16 uint16_t rows, high bit is leftmost pixel","souvenir row must remain recognizable at native 16x16, at x2 proof scale, and when placed in the compact 64x64 main scene; it must not depend on text labels, anti-aliased grayscale, or runtime image files.",official semantic reference,Replace only this 16x16 C++ memory row in EchoPetCatalogVisuals.cpp or regenerate it with the manifest row id preserved. Do not add runtime PNG/JPG/GIF loading.
SOU-046,46,TOY PLAY,shop_items,shop item memory,Draw `TOY PLAY` as a 16x16 shop item memory tied to the named memory.,needs_final_art,official semantic scene/icon reference exists,kSouvenirMemoryBitmaps[46],"16 uint16_t rows, high bit is leftmost pixel","souvenir row must remain recognizable at native 16x16, at x2 proof scale, and when placed in the compact 64x64 main scene; it must not depend on text labels, anti-aliased grayscale, or runtime image files.",official semantic reference,Replace only this 16x16 C++ memory row in EchoPetCatalogVisuals.cpp or regenerate it with the manifest row id preserved. Do not add runtime PNG/JPG/GIF loading.
SOU-047,47,BOOK DAY,shop_items,shop item memory,Draw `BOOK DAY` as a 16x16 shop item memory tied to the named memory.,needs_final_art,official semantic scene/icon reference exists,kSouvenirMemoryBitmaps[47],"16 uint16_t rows, high bit is leftmost pixel","souvenir row must remain recognizable at native 16x16, at x2 proof scale, and when placed in the compact 64x64 main scene; it must not depend on text labels, anti-aliased grayscale, or runtime image files.",official semantic reference,Replace only this 16x16 C++ memory row in EchoPetCatalogVisuals.cpp or regenerate it with the manifest row id preserved. Do not add runtime PNG/JPG/GIF loading.
SOU-048,48,MUSIC DAY,shop_items,shop item memory,Draw `MUSIC DAY` as a 16x16 shop item memory tied to the named memory.,needs_final_art,official semantic scene/icon reference exists,kSouvenirMemoryBitmaps[48],"16 uint16_t rows, high bit is leftmost pixel","souvenir row must remain recognizable at native 16x16, at x2 proof scale, and when placed in the compact 64x64 main scene; it must not depend on text labels, anti-aliased grayscale, or runtime image files.",official semantic reference,Replace only this 16x16 C++ memory row in EchoPetCatalogVisuals.cpp or regenerate it with the manifest row id preserved. Do not add runtime PNG/JPG/GIF loading.
SOU-049,49,TRAVEL PASS,shop_items,shop item memory,Draw `TRAVEL PASS` as a 16x16 shop item memory tied to the named memory.,needs_final_art,official semantic scene/icon reference exists,kSouvenirMemoryBitmaps[49],"16 uint16_t rows, high bit is leftmost pixel","souvenir row must remain recognizable at native 16x16, at x2 proof scale, and when placed in the compact 64x64 main scene; it must not depend on text labels, anti-aliased grayscale, or runtime image files.",official semantic reference,Replace only this 16x16 C++ memory row in EchoPetCatalogVisuals.cpp or regenerate it with the manifest row id preserved. Do not add runtime PNG/JPG/GIF loading.
SOU-050,50,TICKET,shop_items,shop item memory,Draw `TICKET` as a 16x16 shop item memory; key cue: ticket rectangle cue.,needs_final_art,official semantic scene/icon reference exists,kSouvenirMemoryBitmaps[50],"16 uint16_t rows, high bit is leftmost pixel","souvenir row must remain recognizable at native 16x16, at x2 proof scale, and when placed in the compact 64x64 main scene; it must not depend on text labels, anti-aliased grayscale, or runtime image files.",official semantic reference,Replace only this 16x16 C++ memory row in EchoPetCatalogVisuals.cpp or regenerate it with the manifest row id preserved. Do not add runtime PNG/JPG/GIF loading.
SOU-051,51,CHARM,shop_items,shop item memory,Draw `CHARM` as a 16x16 shop item memory tied to the named memory.,needs_final_art,official semantic scene/icon reference exists,kSouvenirMemoryBitmaps[51],"16 uint16_t rows, high bit is leftmost pixel","souvenir row must remain recognizable at native 16x16, at x2 proof scale, and when placed in the compact 64x64 main scene; it must not depend on text labels, anti-aliased grayscale, or runtime image files.",official semantic reference,Replace only this 16x16 C++ memory row in EchoPetCatalogVisuals.cpp or regenerate it with the manifest row id preserved. Do not add runtime PNG/JPG/GIF loading.
SOU-052,52,BLOCK SET,shop_items,shop item memory,Draw `BLOCK SET` as a 16x16 shop item memory; key cue: stacked block cue.,needs_final_art,official semantic scene/icon reference exists,kSouvenirMemoryBitmaps[52],"16 uint16_t rows, high bit is leftmost pixel","souvenir row must remain recognizable at native 16x16, at x2 proof scale, and when placed in the compact 64x64 main scene; it must not depend on text labels, anti-aliased grayscale, or runtime image files.",official semantic reference,Replace only this 16x16 C++ memory row in EchoPetCatalogVisuals.cpp or regenerate it with the manifest row id preserved. Do not add runtime PNG/JPG/GIF loading.
SOU-053,53,ROPE SKIP,shop_items,shop item memory,Draw `ROPE SKIP` as a 16x16 shop item memory; key cue: looped rope cue.,needs_final_art,official semantic scene/icon reference exists,kSouvenirMemoryBitmaps[53],"16 uint16_t rows, high bit is leftmost pixel","souvenir row must remain recognizable at native 16x16, at x2 proof scale, and when placed in the compact 64x64 main scene; it must not depend on text labels, anti-aliased grayscale, or runtime image files.",official semantic reference,Replace only this 16x16 C++ memory row in EchoPetCatalogVisuals.cpp or regenerate it with the manifest row id preserved. Do not add runtime PNG/JPG/GIF loading.
SOU-054,54,TRUMPET,shop_items,shop item memory,Draw `TRUMPET` as a 16x16 shop item memory; key cue: trumpet/horn cue.,accepted_reference,official_source_override,kSouvenirMemoryBitmaps[54],"16 uint16_t rows, high bit is leftmost pixel","souvenir row must remain recognizable at native 16x16, at x2 proof scale, and when placed in the compact 64x64 main scene; it must not depend on text labels, anti-aliased grayscale, or runtime image files.",official-source C++ 16x16 override,Replace only this 16x16 C++ memory row in EchoPetCatalogVisuals.cpp or regenerate it with the manifest row id preserved. Do not add runtime PNG/JPG/GIF loading.
SOU-055,55,BALL PLAY,shop_items,shop item memory,Draw `BALL PLAY` as a 16x16 shop item memory; key cue: round ball cue.,accepted_reference,official_source_override,kSouvenirMemoryBitmaps[55],"16 uint16_t rows, high bit is leftmost pixel","souvenir row must remain recognizable at native 16x16, at x2 proof scale, and when placed in the compact 64x64 main scene; it must not depend on text labels, anti-aliased grayscale, or runtime image files.",official-source C++ 16x16 override,Replace only this 16x16 C++ memory row in EchoPetCatalogVisuals.cpp or regenerate it with the manifest row id preserved. Do not add runtime PNG/JPG/GIF loading.
SOU-056,56,SHOPPER,shop_items,shop item memory,Draw `SHOPPER` as a 16x16 shop item memory tied to the named memory.,needs_final_art,official semantic scene/icon reference exists,kSouvenirMemoryBitmaps[56],"16 uint16_t rows, high bit is leftmost pixel","souvenir row must remain recognizable at native 16x16, at x2 proof scale, and when placed in the compact 64x64 main scene; it must not depend on text labels, anti-aliased grayscale, or runtime image files.",official semantic reference,Replace only this 16x16 C++ memory row in EchoPetCatalogVisuals.cpp or regenerate it with the manifest row id preserved. Do not add runtime PNG/JPG/GIF loading.
SOU-057,57,COLLECTOR,shop_items,shop item memory,Draw `COLLECTOR` as a 16x16 shop item memory tied to the named memory.,needs_final_art,official semantic scene/icon reference exists,kSouvenirMemoryBitmaps[57],"16 uint16_t rows, high bit is leftmost pixel","souvenir row must remain recognizable at native 16x16, at x2 proof scale, and when placed in the compact 64x64 main scene; it must not depend on text labels, anti-aliased grayscale, or runtime image files.",official semantic reference,Replace only this 16x16 C++ memory row in EchoPetCatalogVisuals.cpp or regenerate it with the manifest row id preserved. Do not add runtime PNG/JPG/GIF loading.
SOU-058,58,FAMILY TREE,connect,friend/connection memory,Draw `FAMILY TREE` as a 16x16 friend/connection memory tied to the named memory.,needs_final_art,official semantic scene/icon reference exists,kSouvenirMemoryBitmaps[58],"16 uint16_t rows, high bit is leftmost pixel","souvenir row must remain recognizable at native 16x16, at x2 proof scale, and when placed in the compact 64x64 main scene; it must not depend on text labels, anti-aliased grayscale, or runtime image files.",official semantic reference,Replace only this 16x16 C++ memory row in EchoPetCatalogVisuals.cpp or regenerate it with the manifest row id preserved. Do not add runtime PNG/JPG/GIF loading.
SOU-059,59,OLD FRIEND,connect,friend/connection memory,Draw `OLD FRIEND` as a 16x16 friend/connection memory tied to the named memory.,needs_final_art,official semantic scene/icon reference exists,kSouvenirMemoryBitmaps[59],"16 uint16_t rows, high bit is leftmost pixel","souvenir row must remain recognizable at native 16x16, at x2 proof scale, and when placed in the compact 64x64 main scene; it must not depend on text labels, anti-aliased grayscale, or runtime image files.",official semantic reference,Replace only this 16x16 C++ memory row in EchoPetCatalogVisuals.cpp or regenerate it with the manifest row id preserved. Do not add runtime PNG/JPG/GIF loading.
SOU-060,60,LEGACY,connect,friend/connection memory,Draw `LEGACY` as a 16x16 friend/connection memory tied to the named memory.,needs_final_art,official semantic scene/icon reference exists,kSouvenirMemoryBitmaps[60],"16 uint16_t rows, high bit is leftmost pixel","souvenir row must remain recognizable at native 16x16, at x2 proof scale, and when placed in the compact 64x64 main scene; it must not depend on text labels, anti-aliased grayscale, or runtime image files.",official semantic reference,Replace only this 16x16 C++ memory row in EchoPetCatalogVisuals.cpp or regenerate it with the manifest row id preserved. Do not add runtime PNG/JPG/GIF loading.
SOU-061,61,MEMORY DAY,games,game prize or medal memory,Draw `MEMORY DAY` as a 16x16 game prize or medal memory tied to the named memory.,needs_final_art,official semantic scene/icon reference exists,kSouvenirMemoryBitmaps[61],"16 uint16_t rows, high bit is leftmost pixel","souvenir row must remain recognizable at native 16x16, at x2 proof scale, and when placed in the compact 64x64 main scene; it must not depend on text labels, anti-aliased grayscale, or runtime image files.",official semantic reference,Replace only this 16x16 C++ memory row in EchoPetCatalogVisuals.cpp or regenerate it with the manifest row id preserved. Do not add runtime PNG/JPG/GIF loading.
SOU-062,62,NEW GEN,connect,friend/connection memory,Draw `NEW GEN` as a 16x16 friend/connection memory tied to the named memory.,needs_final_art,official semantic scene/icon reference exists,kSouvenirMemoryBitmaps[62],"16 uint16_t rows, high bit is leftmost pixel","souvenir row must remain recognizable at native 16x16, at x2 proof scale, and when placed in the compact 64x64 main scene; it must not depend on text labels, anti-aliased grayscale, or runtime image files.",official semantic reference,Replace only this 16x16 C++ memory row in EchoPetCatalogVisuals.cpp or regenerate it with the manifest row id preserved. Do not add runtime PNG/JPG/GIF loading.
SOU-063,63,ALBUM,connect,friend/connection memory,Draw `ALBUM` as a 16x16 friend/connection memory tied to the named memory.,needs_final_art,official semantic scene/icon reference exists,kSouvenirMemoryBitmaps[63],"16 uint16_t rows, high bit is leftmost pixel","souvenir row must remain recognizable at native 16x16, at x2 proof scale, and when placed in the compact 64x64 main scene; it must not depend on text labels, anti-aliased grayscale, or runtime image files.",official semantic reference,Replace only this 16x16 C++ memory row in EchoPetCatalogVisuals.cpp or regenerate it with the manifest row id preserved. Do not add runtime PNG/JPG/GIF loading.
