"RelativePath","Length","LastWriteTime","Sha256"
"concept_design_gifs\BUMP GAME.gif","24774","2026-06-17 11:08:20","A547041175594A4F7167FA27EB6BBD447EA2227B2E0504057799197E30F8AD52"
"concept_design_gifs\character.png","10683","2026-06-17 11:07:46","E0BBA4EA2E28B1A0CD17EE98B0D21FA70A505B72B1A17B9E7E93508162B9067B"
"concept_design_gifs\Clean up the poop.gif","37381","2026-06-17 11:07:23","1B66A998A4F93C39CB0649212A6134C105179C0DE233294D152FCB5AE4DD4588"
"concept_design_gifs\Cure when ill.gif","10682","2026-06-17 11:06:56","E5B76C584F144F9BE8360C193BAB1F31C0E445AAC7C3ECD015D782C8C1C7ED63"
"concept_design_gifs\Discipline when needed.gif","5660","2026-06-17 11:07:07","F1DA97C0633CA75CEB1391D6916F4C8BF892B5B4C04D83EB4F82BED1C133C9A5"
"concept_design_gifs\family.gif","34125","2026-06-17 11:07:57","7740D7AE740EE23756DAAF25EC207B48609D55DA7C884BA6B16CFBED4C914D4C"
"concept_design_gifs\FLAG GAME.gif","14722","2026-06-17 11:08:29","34D1C25588F8DAB2097B571486C77D9DB59E067F30F9C77DD040DD5030498B17"
"concept_design_gifs\food and snacks.gif","8084","2026-06-17 11:06:26","EE55058632867A9A49207120CE912725B2FA422676D9EEC852470486EA475BD8"
"concept_design_gifs\Get music.gif","8699","2026-06-17 11:08:10","F1ACDB5768B668EDE026343D19B9C05C0D2AC8C9FC1DCBAD4D952D04A987FB35"
"concept_design_gifs\HEADING GAME.gif","29335","2026-06-17 11:08:38","16A2F9177BDC7A51F62229F7282155524287F8E0F4463B91A5947DE63DFD4364"
"concept_design_gifs\HOOPS GAME.gif","13604","2026-06-17 11:09:03","5277F62F1B9BA14568F02A05C229E7211E69510877B7A80088FF6CE2F2D9BA0E"
"concept_design_gifs\Lights off at night!.gif","7874","2026-06-17 11:06:42","5ED2D37DC19253F978807DF81A82E33B3FA1CD89F78E6713F46BC94E94AA980F"
"concept_design_gifs\MEMORY GAME.gif","5745","2026-06-17 11:08:47","54820B29D29FB3322CB2ECE4F7623EF2FD3A786CAC97D8CEB7690AA1DDB65C29"
"concept_design_gifs\shop.gif","3688","2026-06-17 11:09:37","93C10E4A299B8F2C501A78C5FFEC28D2BC40ECFA4BF7C88C9C8452377084F862"
"concept_design_gifs\SPRINT GAME.gif","38926","2026-06-17 11:08:56","CE24245B795D297E2314108EAD4F71C8DDD710DCCAFDB5E19F2EA8C306060162"
"firmware_previews\catalog_entry_generated_source_contact_sheet.png","31063","2026-06-21 02:14:17","EFB64DCC220BF3838A2E91250E9F576B9FFD85A26D4063E6ECB53547765F7A50"
"firmware_previews\catalog_items_proof_x2.png","5531528","2026-06-29 10:01:02","95745E8B3E228559CF5FD7D28CF655B3A1ECF980D66C2DFB86B6B8ADE2240330"
"firmware_previews\catalog_souvenirs_proof_x2.png","2458493","2026-06-29 10:01:03","4E1B1DB1D7C7CEBFC6FC8066E97F0453B731106493128FCF376F2B2ED50FCC43"
"firmware_previews\character_roster_proof_x2.png","3610883","2026-06-29 10:01:03","CE6C02BB6456433CD6587B8EBF55A9E7BB7C76F98902F65AFC186A1494890435"
"firmware_previews\compact_activity_menu_x4.png","393570","2026-06-29 10:01:02","506CB6B44B2CA272AB8B02E1605619E033C7D8C4356CC439CABC121531EBDEF2"
"firmware_previews\compact_family_x4.png","393570","2026-06-29 10:01:02","0282928C0274F2DE81D38EE9E1DD0EDDFE770A578CFBD33DDE1C6FD62955529E"
"firmware_previews\compact_food_menu_x4.png","393570","2026-06-29 10:01:02","71CF0AE30D651F09E945DFE3CAABEC3B8F8ABDC8CCAC31B217938CD362DCFD9D"
"firmware_previews\compact_friends_x4.png","393570","2026-06-29 10:01:02","F701F970300D717DEF25860EE8015A82AECAB19A2DF190BBD513CCFCF8FA597A"
"firmware_previews\compact_game_flag_x4.png","393570","2026-06-29 10:01:02","82C50F85F9413412DA3BCF88467B3F82939B3E67471CF828D26650F8B00D353C"
"firmware_previews\compact_game_get_x4.png","393570","2026-06-29 10:01:02","7502469F6DC5DEB85B1FA5D8D155FE44F063B0CBB538FE6C0249AA410CAFEF93"
"firmware_previews\compact_health_x4.png","393570","2026-06-29 10:01:02","BC6E0D64E4DF9660220C18DBABD1A8F30D3824490B2F939B8B774ECD9B573514"
"firmware_previews\compact_home_x4.png","393570","2026-06-29 10:01:02","2E6A7320875C60E56D1B6A23D1FC603CFE7535A6E3C180609E8B1775B3565E49"
"firmware_previews\compact_item_x4.png","393570","2026-06-29 10:01:02","D82EC711A329E1F09AD8C7479CE76BE21A2BF8F07E89DC36794D34EBDB383DC3"
"firmware_previews\compact_lights_x4.png","393570","2026-06-29 10:01:02","4CEB25223A11F2C63A289C5ADB392722B698A0CA9A0178C95EFE703012E46B47"
"firmware_previews\compact_meal_x4.png","393570","2026-06-29 10:01:02","2BDB4760C7B74A21ECFB83F166DCEDD0D30D429B01BFD01AF8034DD3212F8244"
"firmware_previews\compact_medicine_x4.png","393570","2026-06-29 10:01:02","7076894614E446B08B04BEFB169087EF1E52636831DC31868802FB95ECC32333"
"firmware_previews\compact_setup_x4.png","393570","2026-06-29 10:01:02","9B8C49965E168AD63DE485B7DC3E0310DC48D48D77E31CDF388EB4AE34B84AA3"
"firmware_previews\compact_shop_x4.png","393570","2026-06-29 10:01:02","8328EBB69E9C49558DEEA5C19C975AEA3A6C23BC6BDE25AB2B3F313BD151534B"
"firmware_previews\compact_souvenirs_x4.png","393570","2026-06-29 10:01:02","2AD08CAC857C8FB1CAE6A7C0915273ADD99481625651B03BB70D2AC15F7C384C"
"firmware_previews\compact_sprite_proof_x4.png","393570","2026-06-29 10:01:02","458381F90BBBEE18DBBE42A605464AA457FF0F3D0E60FE1305A9A3CF94514599"
"firmware_previews\compact_toilet_x4.png","393570","2026-06-29 10:01:02","1F57EC1FF64B16E0BB7E89D1E816C8B744122A3C3EB7DC77CD12A6C0B7ED73E9"
"firmware_previews\fixed_menu_icons_proof_x2.png","1306103","2026-06-29 10:01:03","982543A7B2E4C3D1E9E8453487EECB197D06B00935D92FC552339989302EE06C"
"firmware_previews\large_activity_menu_x4.png","1622908","2026-06-29 10:01:02","FFFD09F28BDE5A0DBE58EAC1DA1A3302D932AA15924AC8A92CDF15852E201A3D"
"firmware_previews\large_family_x4.png","1622908","2026-06-29 10:01:02","EF652AFA32E06BBFB0C5C5FC690D9F7ACB13B282070E9F39B1CC2AABD082898B"
"firmware_previews\large_food_menu_x4.png","1622908","2026-06-29 10:01:02","F9EFBC81F70FEA1A8D35B9E20E70EA8AB61432242FFC5CF23F23D1A43B134A3C"
"firmware_previews\large_friends_x4.png","1622908","2026-06-29 10:01:02","E83C503A9757D7C0B91F6C98C811CB52C1B6636A364AE287AF4491B715C2F248"
"firmware_previews\large_game_flag_x4.png","1622908","2026-06-29 10:01:02","CDFEAF42D48F3D542CE2C21FBD6A44988F4BCFBE79DD4C1AB842080429990859"
"firmware_previews\large_game_get_x4.png","1622908","2026-06-29 10:01:02","34F4E5AAD672F7FB8D5AB8DA265D94349CC980267FFC90F326317FDF3DEFEB8D"
"firmware_previews\large_health_x4.png","1622908","2026-06-29 10:01:02","96345C2CFF465B4B94DAB83D0B633CC342EF676F8B53248C6FE90AF2F6DA3B4D"
"firmware_previews\large_home_x4.png","1622908","2026-06-29 10:01:02","565E4597F9B4CFE265FCF57FC8883269B3F4A141576C22F1F3259BA7E226DB36"
"firmware_previews\large_item_x4.png","1622908","2026-06-29 10:01:02","201131B2FF0F3A2B2CD8A0F926FD6812FF898EDBAF7433A722E2FA2D92814C1E"
"firmware_previews\large_lights_x4.png","1622908","2026-06-29 10:01:02","3246604190C57D18C57C34810FD1B8217116EA0AF09DBDB6ED9E9B3D8A83F2B7"
"firmware_previews\large_meal_x4.png","1622908","2026-06-29 10:01:02","88428B3ECEB9E53D2A9989B133F67B124881523A3ACF589B16A7B6FD6AB5A66A"
"firmware_previews\large_medicine_x4.png","1622908","2026-06-29 10:01:02","41C1BF779829A30E9206387A177FE7289C7EEA204C14AE2A00E7A3F734ECE849"
"firmware_previews\large_setup_x4.png","1622908","2026-06-29 10:01:02","A5C286333E4737CBBE0747508C27FCDDC065C7AE04652B8C2CE48120277C3E4D"
"firmware_previews\large_shop_x4.png","1622908","2026-06-29 10:01:02","D45BAF4F7D6701297D90FCCAB92AEB8786F3F6122C4B15705388FE769B7AA0EB"
"firmware_previews\large_souvenirs_x4.png","1622908","2026-06-29 10:01:02","24B568D4FE4BD97A8D39EACA39466BCB996B1183F8CB326E2AEC4397B92D7C24"
"firmware_previews\large_sprite_proof_x4.png","1622908","2026-06-29 10:01:02","6717CFF77A494A0DA2D95C8391D0413AEDF61AE8CA46C0FC4A6AEBA77042A292"
"firmware_previews\large_toilet_x4.png","1622908","2026-06-29 10:01:02","08F45876A321136EAC94B01AECC29A9C182067DDC8604FF0B439C5893450BCA7"
"hardware_acceptance_matrix\hardware_acceptance_matrix.csv","28057","2026-06-29 10:46:37","2B99BB594F97C47426C50289E976737A85889BC4B49563E3B264424B259A1BB0"
"hardware_acceptance_matrix\hardware_acceptance_matrix.json","52590","2026-06-29 10:46:37","C8E4F8D1E0695BB08E34A7957346F215443E275E59875AB3C6518760F5C13704"
"hardware_acceptance_matrix\hardware_acceptance_matrix.md","24018","2026-06-29 10:46:37","400EA7630C8B656581A8D9B7A9C30B8D3AA10A4D9C446A1C506DC2F67A8C2473"
"official_generated\catalog_item_official_alignment_proof.png","163003","2026-06-29 11:23:00","059E32D82F2CAFF15A32C53F9F688FC1A132465A10E847D800D6CE11F76565DC"
"official_generated\catalog_item_official_assets_contact_sheet.png","28969","2026-06-29 11:22:32","CADB4CEDC97DCCB8E5B6D57DD7B7F62D1F96EA90701421EA7E68785833CFBBEA"
"official_generated\catalog_item_official_detected_tiles_contact_sheet.png","22695","2026-06-29 11:22:59","B7A2713305CC2D6DCF824189C95224BCBE65A07A84821356D5B2EC2D38F5343F"
"official_generated\catalog_item_official_pc_gif_frames.png","71858","2026-06-29 11:22:32","AA4ADAC820741EEE242EDD5B4118EE5B2A2D97DABAB1E9CD6055B143AAFDCF85"
"official_generated\catalog_item_official_reference_manifest.json","108325","2026-06-29 11:23:00","34A9061FB348CE00AB59388936DB0F6562B8C102FD7CB6CE89E11B0C41AABCC7"
"official_generated\catalog_item_official_source_overrides_contact_sheet.png","4062","2026-06-21 02:14:17","BE20A099F4919FF5A97A950001F52C15CA66E75E4B07851E6200957FA841626F"
"official_generated\catalog_item_pc_gif_frame0_native_x4.png","24301","2026-06-21 01:41:03","E12ECF0C405FBEF0B9B9F10C952DBFA60DDABB0702B895A5A2499D525351C579"
"official_generated\catalog_item_reference_tiles\00_official_item_bw.png","166","2026-06-29 11:22:58","6FCE460EBBB1D0D117A6EF575815B2FC9E46D44F3A914AD22FEBFCEED6753BDC"
"official_generated\catalog_item_reference_tiles\00_official_item_raw.png","186","2026-06-29 11:22:58","3CB767BF0AC6AFF30FBF356AC65385EBA45E382F8970C0ACA1FD6A4FDBB30375"
"official_generated\catalog_item_reference_tiles\01_official_item_bw.png","147","2026-06-29 11:22:58","0109A198375BF54AA4DC3034701CC50B8D9C0590B4C176A25E5124E9359F86C5"
"official_generated\catalog_item_reference_tiles\01_official_item_raw.png","164","2026-06-29 11:22:58","6BD5DCF6536D7C4DC715CF469B05F41A38D28D78D464AF5550958B0E248EEDA8"
"official_generated\catalog_item_reference_tiles\02_official_item_bw.png","458","2026-06-29 11:22:58","35C941ACE3C72D865FFD4FC6CF6CAD1B066E9F820631752F13AC7535AF1D6766"
"official_generated\catalog_item_reference_tiles\02_official_item_raw.png","506","2026-06-29 11:22:58","B26AD7F7A0345DC6AE7897DD9CF7BAA22B37673EE3D1A2DF11DF4B4829CD7C68"
"official_generated\catalog_item_reference_tiles\03_official_item_bw.png","428","2026-06-29 11:22:58","5671F28E27716AD6A66D78DA81C9108002095FDF06BFB07B654FCC8C40CE83C1"
"official_generated\catalog_item_reference_tiles\03_official_item_raw.png","484","2026-06-29 11:22:58","F1D39EA6C47ABD0266CCF019F675F7798B63AAF11754D4B96583C2EF6F7466EA"
"official_generated\catalog_item_reference_tiles\04_official_item_bw.png","401","2026-06-29 11:22:58","0E7F6A3E1699D117A6274FB989C24C3F417DDEFA23901AFC5E80C8C8F9A7ABD0"
"official_generated\catalog_item_reference_tiles\04_official_item_raw.png","440","2026-06-29 11:22:58","FFD2CBC00A8601D83DEA0829B10979391CBD5099211D66D7225C12DFDFD27273"
"official_generated\catalog_item_reference_tiles\05_official_item_bw.png","396","2026-06-29 11:22:58","53F6F4E61E846A19DC139C88794263167C35687ADED153BC693EF118C28335D7"
"official_generated\catalog_item_reference_tiles\05_official_item_raw.png","413","2026-06-29 11:22:58","B6C0C7C17F52FA43118C30A06457BBFD84C6D8A7825B6A5F0035298344C8EA71"
"official_generated\catalog_item_reference_tiles\06_official_item_bw.png","375","2026-06-29 11:22:58","74B53F581078201337F5F5CA19EB55D1773666C85ABDA532FC8EAF3270A39619"
"official_generated\catalog_item_reference_tiles\06_official_item_raw.png","399","2026-06-29 11:22:58","A7A1104766C1D73434953DDFD694EB95279E875DCEA286D836E5A6ACF0ACDC6C"
"official_generated\catalog_item_reference_tiles\07_official_item_bw.png","394","2026-06-29 11:22:58","A56681877E892A2DF1118E4288B6D4BF97BCAB237A93641B01C3BFB7C0EB134B"
"official_generated\catalog_item_reference_tiles\07_official_item_raw.png","428","2026-06-29 11:22:58","5F4DFD629B2EE03413ED186CC0B4A011A7CFE76C5D9C661E4A26A37F52B2E282"
"official_generated\catalog_item_reference_tiles\08_official_item_bw.png","317","2026-06-29 11:22:59","CE92005F6A55F6820057EA3019E82522C84683A6A3FBDB91395D69C622A2362B"
"official_generated\catalog_item_reference_tiles\08_official_item_raw.png","353","2026-06-29 11:22:59","AEEB687A45538C8D17ADC1CF9C5C9306370A5832BD76322229D48FA63C9BF3B2"
"official_generated\catalog_item_reference_tiles\09_official_item_bw.png","335","2026-06-29 11:22:59","B60AFBE0FD8383DDEB00C392909B7222094E89E2DCA3AD2E416C9E7116796621"
"official_generated\catalog_item_reference_tiles\09_official_item_raw.png","361","2026-06-29 11:22:59","7C87D6AF85AE339C20A3656277D5F3453F8BF4E4F42B548C6E878B85641E8366"
"official_generated\catalog_item_reference_tiles\10_official_item_bw.png","306","2026-06-29 11:22:59","58560ED638586E6CA08E300839EE6DEEAC92D5D6C96FEBF737C8C80EA6CBC8D2"
"official_generated\catalog_item_reference_tiles\10_official_item_raw.png","312","2026-06-29 11:22:59","A1FC43A97B531DC30C7829FAD00F10537D04C22951C6460E6025B3CC4854FBDE"
"official_generated\catalog_item_reference_tiles\11_official_item_bw.png","145","2026-06-29 11:22:59","B9FBE2FC1F6DAF490A3B2293CE170F9A4C68973228830175D551E99BEB28120B"
"official_generated\catalog_item_reference_tiles\11_official_item_raw.png","151","2026-06-29 11:22:59","440909C7FE72CC683964E9ABAA847D2473B15CEFA1DD6F245BAA62C801DE038E"
"official_generated\catalog_item_reference_tiles\12_official_item_bw.png","479","2026-06-29 11:22:59","59B96E2F87E11EACDCCEDC859E8CB6D05D174B662565F18E0C0E0ACE85049984"
"official_generated\catalog_item_reference_tiles\12_official_item_raw.png","521","2026-06-29 11:22:59","9146D28C45334BF6ACD911C679E9E802EB131A790391E99704C84C8AD5ED78D9"
"official_generated\catalog_item_reference_tiles\13_official_item_bw.png","121","2026-06-29 11:22:59","2E6D74D1F78D83DB66630707FBC171EB2FE8A71B72C0BD4D833FE17ECE975A9F"
"official_generated\catalog_item_reference_tiles\13_official_item_raw.png","132","2026-06-29 11:22:59","3D65B090EC8F3A9FD43C72FDB391EEF9D8F0D23CC307099582BFE8616209A496"
"official_generated\catalog_item_reference_tiles\14_official_item_bw.png","386","2026-06-29 11:22:59","563D795224516647CA75EB42A5D7C774076B0D2066BA6A387D29F08E87550E35"
"official_generated\catalog_item_reference_tiles\14_official_item_raw.png","431","2026-06-29 11:22:59","5846EAF50CD80A18DA2BF2A87C8C702490F672761B8664BF323E8AE8A722B398"
"official_generated\catalog_item_reference_tiles\15_official_item_bw.png","360","2026-06-29 11:22:59","1F9E85EB3C086FE3F46B64851A15019C6329CFC344431789CA8427854291BEAF"
"official_generated\catalog_item_reference_tiles\15_official_item_raw.png","393","2026-06-29 11:22:59","DF91770694A418805AF4EDD7CE1C816EC6B158ACB835EF5C40084FB5AC4A6A4B"
"official_generated\catalog_item_reference_tiles\16_official_item_bw.png","129","2026-06-29 11:22:59","EB957EAF804FCC41E7801D3FA629F9852DB4DD458C676AC08A0E0DB63AF05CD1"
"official_generated\catalog_item_reference_tiles\16_official_item_raw.png","139","2026-06-29 11:22:59","C50A400A91C7385DF7EEBDDED89C22F9B9CFFD78617192BB11A6D0DF6E07F8BC"
"official_generated\catalog_item_reference_tiles\17_official_item_bw.png","161","2026-06-29 11:22:59","BFA1C35A779E3FCFADF08AD7E3B0EE94934460783D314A42E2AB70DB6A8920BD"
"official_generated\catalog_item_reference_tiles\17_official_item_raw.png","164","2026-06-29 11:22:59","E7E56B015A9A5416689131C57FB77575F1D9253781F3F0ACA68613C63DF83814"
"official_generated\catalog_item_reference_tiles\18_official_item_bw.png","455","2026-06-29 11:22:59","E0BD3B53D2078DB72FAA98F1327ECA27EE7AB495214219CA3ED61552C1CBE5EE"
"official_generated\catalog_item_reference_tiles\18_official_item_raw.png","491","2026-06-29 11:22:59","58EC89FBB9A9EDF4D2871AC925D24870E75E0CD7F42EA38EB9187BEF950F8D70"
"official_generated\catalog_item_reference_tiles\19_official_item_bw.png","449","2026-06-29 11:22:59","946617BEF58D67FC377189A0E093D1D2F0502665F980CA50DFB2CF3E2ACDAB82"
"official_generated\catalog_item_reference_tiles\19_official_item_raw.png","499","2026-06-29 11:22:59","D6A1596065308C35C5B9A5C96D1A48AD148D32A14B95101CF52DD84EB3F2397A"
"official_generated\catalog_item_reference_tiles\20_official_item_bw.png","424","2026-06-29 11:22:59","6968ED294C22AF86FBA1F54EF47B5F2680DD1526841B80EDD7E9B8DDD9445C84"
"official_generated\catalog_item_reference_tiles\20_official_item_raw.png","451","2026-06-29 11:22:59","2AA8DFDFDEBAB1270FDE1BC7826182882AEFEC3D7170EEEE99864AE46EAACA79"
"official_generated\catalog_item_reference_tiles\21_official_item_bw.png","373","2026-06-29 11:22:59","43C47E329309773E7E182DDD393B57D374E333EA5789454803C3BE299FDE7019"
"official_generated\catalog_item_reference_tiles\21_official_item_raw.png","403","2026-06-29 11:22:59","3B14E677D3E4C8CD0A7FE3F967D5C580712BEC2DB671944A48591BB16840D5ED"
"official_generated\catalog_item_reference_tiles\22_official_item_bw.png","402","2026-06-29 11:22:59","BE10EA904AEC1E2C37313645928B6583B50FAD4557E2E50F30BBAD2ECDC01974"
"official_generated\catalog_item_reference_tiles\22_official_item_raw.png","435","2026-06-29 11:22:59","147BCEED91CC4CFE3651F97316803C507124E8B0337240246BA4D51A895C9EB4"
"official_generated\catalog_item_reference_tiles\23_official_item_bw.png","395","2026-06-29 11:22:59","4190F29D741888326F886C7D14FB05146D92EA5CC48F1EDC8611EF8EC777850F"
"official_generated\catalog_item_reference_tiles\23_official_item_raw.png","417","2026-06-29 11:22:59","5B6A391B28EFCC84C224FA6BA7560CEF3DE0AE0E3441DC20EA490DD18E2CFB2C"
"official_generated\catalog_item_reference_tiles\24_official_item_bw.png","330","2026-06-29 11:22:59","8306A64DAC3F09C31EB76839A49CED9ED69C7DBECE479FF346A1A943CAC0EC61"
"official_generated\catalog_item_reference_tiles\24_official_item_raw.png","365","2026-06-29 11:22:59","FFB64F1B50B362421757368AD43A8C2EB5BFAE55EB7B041E90DB655481545135"
"official_generated\catalog_item_reference_tiles\25_official_item_bw.png","335","2026-06-29 11:22:59","01CE454EBB6FFA3689893A6E13B523B9EDCA9E696BDDEC14373B0E242A002F5F"
"official_generated\catalog_item_reference_tiles\25_official_item_raw.png","364","2026-06-29 11:22:59","15A0EDC050E3E72491AAEDC366337283E4991166B3A8F3114FA610D4F5F505D3"
"official_generated\catalog_item_reference_tiles\26_official_item_bw.png","282","2026-06-29 11:22:59","E4680979CFAD32DF4BC897FA9D5BADA1ED58A0DDFDBF36F98B1E6D7F333B8CD8"
"official_generated\catalog_item_reference_tiles\26_official_item_raw.png","291","2026-06-29 11:22:59","AE2EA9FAE17879D61DF4057A552D1D36B6F2B3A42CB218CBD7A0B762C7E00ACF"
"official_generated\catalog_item_reference_tiles\27_official_item_bw.png","253","2026-06-29 11:22:59","CC4F510AE30BE6495C4BBEBF45940B214A958E71785951628B851B787EAE9947"
"official_generated\catalog_item_reference_tiles\27_official_item_raw.png","280","2026-06-29 11:22:59","DDCA6ABCFECB6CAFA1701857B0F30D9F5068FA37E9B822BD22D6DFE7FBA4D7A7"
"official_generated\catalog_item_reference_tiles\28_official_item_bw.png","148","2026-06-29 11:22:59","0774345C54D2E8C61D94866C14A69A362878C41B1CFFA738C369C23560808A80"
"official_generated\catalog_item_reference_tiles\28_official_item_raw.png","151","2026-06-29 11:22:59","DB04DAC3F9D84FF58CB50849D4655128C55ECA1F2AC6CA01A008E90ED057ECE4"
"official_generated\catalog_item_reference_tiles\29_official_item_bw.png","474","2026-06-29 11:22:59","2693C752C79FCE6DE020FBD4658E311A2E41017426774EAAADE3CB35FCB7EDA1"
"official_generated\catalog_item_reference_tiles\29_official_item_raw.png","519","2026-06-29 11:22:59","BDA64391E6D7FA6C94111B1BAF4F777C65BBB8D16F0B1CB39E75D9B83556005A"
"official_generated\catalog_item_reference_tiles\30_official_item_bw.png","407","2026-06-29 11:22:59","2E0A08BD63DACE4B7C8893A76A250E2087B9B1B14C98CE7DC3D3EB48B0CE9574"
"official_generated\catalog_item_reference_tiles\30_official_item_raw.png","464","2026-06-29 11:22:59","381191BD388FC843CAAE7A1289BC86EF2FA7401CA2BFECA1E510A2387A160EA3"
"official_generated\catalog_item_reference_tiles\31_official_item_bw.png","379","2026-06-29 11:22:59","1D86F78BEC6AB03AC6C73086F1A6265452D9B421BEA7E3B1C1A18FCE486CD2E4"
"official_generated\catalog_item_reference_tiles\31_official_item_raw.png","435","2026-06-29 11:22:59","D18335B0FC23FF437505A1D0CF2A99EE050F3C0F2E12ADC0DCEAAEBFB137090D"
"official_generated\catalog_item_reference_tiles\32_official_item_bw.png","121","2026-06-29 11:22:59","D6C204C78C08E005253EBF28A540EC38D253B87F0B800F632A7689EBB44B9550"
"official_generated\catalog_item_reference_tiles\32_official_item_raw.png","129","2026-06-29 11:22:59","267980539C4E4F83B8E7CB72752337D9715372F4F8712BBCC2092789A51E607B"
"official_generated\catalog_item_reference_tiles\33_official_item_bw.png","359","2026-06-29 11:22:59","8DB2368138F3B5FE9A094A885D0DD0CB1987FDC9C1FB0FC3501CC887B95C83C9"
"official_generated\catalog_item_reference_tiles\33_official_item_raw.png","391","2026-06-29 11:22:59","A0E596857D5C457B216DF3024C60178A3ABF2EDB060BC5AE87AAAE828EC4E5B8"
"official_generated\catalog_item_reference_tiles\34_official_item_bw.png","369","2026-06-29 11:22:59","2A081E387D7A0AD8172E4BB64EC32A7B43DB8121C98840566DEFD1AE6161FDE5"
"official_generated\catalog_item_reference_tiles\34_official_item_raw.png","403","2026-06-29 11:22:59","C3144F7672CBEC555E7582835424C05EC56E2CE60987627558488E4D86897DAA"
"official_generated\catalog_item_reference_tiles\35_official_item_bw.png","432","2026-06-29 11:22:59","FF71CA9419BC4128F31E413608143352F4E9D92AAC2CD04C135F2F0EEAEB1489"
"official_generated\catalog_item_reference_tiles\35_official_item_raw.png","479","2026-06-29 11:22:59","371784EA78DF762F41172171E4F50B8AA8B5AFEE3A6F95A35F64ADC0E0512D1F"
"official_generated\catalog_item_reference_tiles\36_official_item_bw.png","425","2026-06-29 11:22:59","9253AA8AD0191BD7EE8FDF115C2094DC2A7E73763AF558FDE7D55059DC4012A3"
"official_generated\catalog_item_reference_tiles\36_official_item_raw.png","470","2026-06-29 11:22:59","6290923982C4B49AFEE487ABCF367F0235EFFCD4732638F0198693E325505033"
"official_generated\catalog_item_reference_tiles\37_official_item_bw.png","326","2026-06-29 11:22:59","548B21188A4224AF07B13B8873F32DFC38276EAC0A95B9F258108825AF46D716"
"official_generated\catalog_item_reference_tiles\37_official_item_raw.png","354","2026-06-29 11:22:59","B4E0905FC05D893766DA7572DEA35641F86C68C91ADAF0FED900B69328A03596"
"official_generated\catalog_item_reference_tiles\38_official_item_bw.png","370","2026-06-29 11:22:59","FDA57C8072B39D41B09AFF0C988D8419719A3F5FA93F01552C2A2E3D876C7DB1"
"official_generated\catalog_item_reference_tiles\38_official_item_raw.png","408","2026-06-29 11:22:59","250A61A00D7728E188E09E82A6E810EAF8081A8D153614AFED2BF926A525FD28"
"official_generated\catalog_item_reference_tiles\39_official_item_bw.png","481","2026-06-29 11:22:59","74410FCB1BB9B7E1CD164A0BCB4F7AEF82B0E0111F3E80EDE2541370D04A6F82"
"official_generated\catalog_item_reference_tiles\39_official_item_raw.png","518","2026-06-29 11:22:59","553B70DB702B773D8A68A777FA42814F48F482EBE7B58CCDFBC9343F7B9C84E9"
"official_generated\catalog_item_reference_tiles\40_official_item_bw.png","443","2026-06-29 11:22:59","94B3018E7E9B60D098B94D1F954B993697B430D89C8B5265F11E2CD42DEAA09E"
"official_generated\catalog_item_reference_tiles\40_official_item_raw.png","499","2026-06-29 11:22:59","7F7599165727917FEBA50EBE0DA140FDBFA8D8B8230B254C4D692CA005476884"
"official_generated\catalog_item_reference_tiles\41_official_item_bw.png","378","2026-06-29 11:22:59","79082D7405FB8CFD1C51EF82DFC844E609528375BD984075A4DDEA9628794CE6"
"official_generated\catalog_item_reference_tiles\41_official_item_raw.png","423","2026-06-29 11:22:59","41F3E63BE0B4FA3A93D82E55FB9E33F337F9CA99D89CBBB4E9687FCDA3E88EEE"
"official_generated\catalog_item_reference_tiles\42_official_item_bw.png","461","2026-06-29 11:22:59","083B451547A1E82A54364BCB3816BF6C1E5AFF64A35F0E4277E6529F511D3405"
"official_generated\catalog_item_reference_tiles\42_official_item_raw.png","496","2026-06-29 11:22:59","44C4B574D5E9AB78536BC632A6F1AA155F24DC91CE7E72104335D21A275C3AEC"
"official_generated\catalog_item_reference_tiles\43_official_item_bw.png","413","2026-06-29 11:22:59","2A95AF3604175D9FF415892692CC4C09484B633653B6219A0B9A8820F57A58C4"
"official_generated\catalog_item_reference_tiles\43_official_item_raw.png","461","2026-06-29 11:22:59","C6424DF3504F93D13104AF63D0BACA9138B1A62D421B16B2C2CE28BED1EB586F"
"official_generated\catalog_item_reference_tiles\44_official_item_bw.png","396","2026-06-29 11:22:59","CE18FA6A2B19C56533CBF9FA30DD406BC3014546A872066E493B854DE3EF4232"
"official_generated\catalog_item_reference_tiles\44_official_item_raw.png","441","2026-06-29 11:22:59","85B5C7B515DD5331C54FF6FB457CFDEE4D249238C98566827E2489262967E065"
"official_generated\catalog_item_reference_tiles\45_official_item_bw.png","381","2026-06-29 11:22:59","5C21931BF1B37E7443E4B022C32843B74A72DA6BDDD93A696B95C60811322D4F"
"official_generated\catalog_item_reference_tiles\45_official_item_raw.png","405","2026-06-29 11:22:59","4F314644934D9F142658B775405AB8F5F0BAA60FE6D6A1DAE8455A6F1386E218"
"official_generated\catalog_item_reference_tiles\46_official_item_bw.png","326","2026-06-29 11:22:59","E43503A4E539E26D6B3018C524C2D3D500657A3724DFCABA2BA826DDA1E733B1"
"official_generated\catalog_item_reference_tiles\46_official_item_raw.png","358","2026-06-29 11:22:59","A3E5806B787A249289DFEBFB251E1BB259ECE68521C61D4493522C61E4E49C5A"
"official_generated\catalog_item_reference_tiles\47_official_item_bw.png","403","2026-06-29 11:22:59","DF2EAB6DA17707678E67F484E8583E04338F533B5DCB2C330F3755C14317F426"
"official_generated\catalog_item_reference_tiles\47_official_item_raw.png","443","2026-06-29 11:22:59","AA3EAA3AEFB8F5860CE88985713EA91D1EBCC3807CADFED08DD60581FD58A271"
"official_generated\catalog_item_reference_tiles\48_official_item_bw.png","463","2026-06-29 11:22:59","9FDD46E3FAB9E4860E178586E1AF4822E854C391E5627838A82F56FBAA0F68B6"
"official_generated\catalog_item_reference_tiles\48_official_item_raw.png","522","2026-06-29 11:22:59","A3894D17FCE2E95605311A2426102AFA5D7921974AE7114302EE687A02BF13D6"
"official_generated\catalog_item_reference_tiles\49_official_item_bw.png","460","2026-06-29 11:22:59","2DE53F5C656A5BEC47B07E58B834CBACCD51C85796BF73E451D4B356CCA823D4"
"official_generated\catalog_item_reference_tiles\49_official_item_raw.png","518","2026-06-29 11:22:59","439EC527EC328845CC125A9DF98BFD76D5E4A24D2A44E043AE1F1FF95B56AB3E"
"official_generated\catalog_item_reference_tiles\50_official_item_bw.png","425","2026-06-29 11:22:59","01F2526ED6A19A55459FACADBF1F60C1543E5DCCCB3492567A817173872D996F"
"official_generated\catalog_item_reference_tiles\50_official_item_raw.png","461","2026-06-29 11:22:59","888AD6257B4F07062665B30DE1469FD308206ED1BDEB5A091CEC29E3F3EFDD73"
"official_generated\catalog_item_reference_tiles\51_official_item_bw.png","404","2026-06-29 11:22:59","3B0F1D0A6DBE35692AA6DB599C9ED821DB942C26877FF58C889C77EAC70A2366"
"official_generated\catalog_item_reference_tiles\51_official_item_raw.png","453","2026-06-29 11:22:59","A1A6C581CE292BE42931B003F5082A4265ECC6AF50AE6FA83A9BA3DA977E51A7"
"official_generated\catalog_item_source_semantic_status_contact_sheet.png","188120","2026-06-29 11:22:59","FD24E842E620DD1D8CBA2CBA3B9A1E89A7663B91DE65EF7DB35A952F1F652FE2"
"official_generated\character_generated_source_contact_sheet.png","24852","2026-06-29 10:02:58","DB66E31719D60C25557C13DD8E1D587DFD7BAD16D92D2CDB510975B32DAE9825"
"official_generated\character_idle_generated_source_contact_sheet.png","26343","2026-06-29 10:02:58","FE4B22983B621D0AF20629B24574E23C4CDD7119F3F7F5A7225E1CEEB4E4375D"
"official_generated\character_official_alignment_proof.png","725462","2026-06-21 02:40:31","105F1BDDDD96A5A3886ED6E8775A73E4E763CD46B991C3C6B08308293B3FCDA6"
"official_generated\character_official_reference_contact_sheet.png","181872","2026-06-21 02:40:31","0D0EA70938C533C8FE0ED1311E0DFFB02F775ED003182094E13F037C441BBB3A"
"official_generated\character_official_reference_manifest.json","36515","2026-06-21 02:40:31","C4A0D3ED5077DA27847BB9BF9BC407CDEE1312917326039912B227FFACAF7BB3"
"official_generated\character_source_alignment_status_contact_sheet.png","132698","2026-06-29 10:02:59","43DA3D5B2234DB05A0E76D3D6BEECB4235452662D9137BF1F087C300736A948F"
"official_generated\character_source_alignment_status.json","28640","2026-06-29 10:02:59","E4AF020BEC803D6B3404F60935F6769B777A25E4EC978563CAF1D91ED9A7D48B"
"official_generated\fixed_menu_compact_official_source_contact_sheet.png","6270","2026-06-21 02:52:23","9C666DC27D832FB64FD0239DEB4D9CA9CDE6B04301F32D39D4B99840119AA886"
"official_generated\fixed_menu_generated_source_contact_sheet.png","8435","2026-06-21 02:52:23","063DF838A33A3D829DE2B398B582C34647FC449CEC875CDEC6CBE37D6B16FA3F"
"official_generated\fixed_menu_official_alignment_manifest.json","2010","2026-06-29 10:00:41","6BF17F5693C7FCA851FF3BDAA606D843CF0562533DA421EB2E597D54D96612A0"
"official_generated\fixed_menu_official_alignment_proof.png","312655","2026-06-29 10:00:41","7B9B1A3AADE21301776975A6320807B717CEDA8D304C781B931449939196B8C7"
"official_generated\fixed_menu_official_tiles_contact_sheet.png","7355","2026-06-20 22:21:50","937D85500E4A3814775CE6EC4446D229D8A70A8D68B3F777EE123F9381F90077"
"official_generated\fixed_menu_official_tiles_manifest.json","3284","2026-06-20 22:21:50","E2994B265C68D2826A502BD128F8EAA1611B8C0E93DCD6BA3CBDCE00AA0DC54A"
"official_generated\fixed_menu_reference_tiles\00_health_official_bw.png","210","2026-06-20 22:21:50","80D14A30548509EE66B2C259C0DB9F8EBAF6CDB9FBC72F3C3254663DD02D6893"
"official_generated\fixed_menu_reference_tiles\00_health_official_raw.png","705","2026-06-20 22:21:50","7F7C46BD81AFF6B84BFCD6EDE36690B86EC583EB18EDE518FC030BF952302049"
"official_generated\fixed_menu_reference_tiles\01_food_official_bw.png","208","2026-06-20 22:21:50","2370B7311FD4EEAC8A81893B06A0F20931FE9B2FB05AFE643F35ED5A7AB47ADF"
"official_generated\fixed_menu_reference_tiles\01_food_official_raw.png","661","2026-06-20 22:21:50","85065F87E9A3C1F5025436D191BC562E002A591557AD1C43E4FC4C1362D0FE97"
"official_generated\fixed_menu_reference_tiles\02_toilet_official_bw.png","194","2026-06-20 22:21:50","DA82B42A2AD6D42B98D85649312D8446CC1FE8C99ABF17CEB24137577425CEDB"
"official_generated\fixed_menu_reference_tiles\02_toilet_official_raw.png","579","2026-06-20 22:21:50","EED2CAF2025E34FCBC9BC13678BBFAE094D6A72A593A0C0D82FF94FB9B515F93"
"official_generated\fixed_menu_reference_tiles\03_connect_official_bw.png","186","2026-06-20 22:21:50","1A5D7454443A0E34DD9043B92C10C63C4105BB9608B5ACF17C071D9B247AE4D0"
"official_generated\fixed_menu_reference_tiles\03_connect_official_raw.png","422","2026-06-20 22:21:50","507F03EBD3A8D8EA73E0E4AE7AA5748D8A2DD6EDA465A2C1866C476DB91070F6"
"official_generated\fixed_menu_reference_tiles\04_care_official_bw.png","203","2026-06-20 22:21:50","4790C47B0FB4C0ED2334E77CC3C8BAF7D4D9B91C464FACBCF0BB5A43DF9D9FA4"
"official_generated\fixed_menu_reference_tiles\04_care_official_raw.png","604","2026-06-20 22:21:50","A53AD5E8EB3F75E41A649F1FDE629774C5F7C938BB233FEB45DA75C6B74CB2E2"
"official_generated\fixed_menu_reference_tiles\05_train_official_bw.png","200","2026-06-20 22:21:50","5327CAF1452066316EB1F7A79336DFD84F1723C1653A469996A7DB9B223AE622"
"official_generated\fixed_menu_reference_tiles\05_train_official_raw.png","537","2026-06-20 22:21:50","7790C7FF0E43E123A901FC581AE125ACB8B45BFA0E172DA92CBC2DD3A4D24330"
"official_generated\fixed_menu_reference_tiles\06_meds_official_bw.png","188","2026-06-20 22:21:50","16174CF98ECA82F415C53E63A9062FC310A9A0079579F5B89BF75E2A9ABC59DC"
"official_generated\fixed_menu_reference_tiles\06_meds_official_raw.png","557","2026-06-20 22:21:50","FD8E00FB7C3AEB655D695953F5F6467C85F253E3D051EEAB8E504C7F667A86A9"
"official_generated\fixed_menu_reference_tiles\07_lights_official_bw.png","198","2026-06-20 22:21:50","D01E1B3E068941E57BD0F3BADA1FF2D61AA1858FD33CF0E9BD20D537C15057D5"
"official_generated\fixed_menu_reference_tiles\07_lights_official_raw.png","556","2026-06-20 22:21:50","8C2513C9ACE322E5874E85B0F4EC2F3432F9BE47D8C00C3114AA32B5F74A1CB8"
"official_generated\fixed_menu_reference_tiles\08_friend_official_bw.png","220","2026-06-20 22:21:50","07962700CE70D8826F28A9FF7A8ABAEDE75D2CDB3CCCC7F1121FC49FF9464788"
"official_generated\fixed_menu_reference_tiles\08_friend_official_raw.png","810","2026-06-20 22:21:50","30FC1C3BE8AB3F08546C915A307C38437260FF9E1B835968946427BF503DE4B7"
"official_generated\fixed_menu_reference_tiles\09_game_official_bw.png","199","2026-06-20 22:21:50","D6DD11D15B215BB74B0B76A2662CC937A119D62858D7E391BD3ECE53712027B3"
"official_generated\fixed_menu_reference_tiles\09_game_official_raw.png","451","2026-06-20 22:21:50","85967DB922D6B51DB3212242BE72F556BF7AD1CF18FA5C284AE0D00A92A4326F"
"official_generated\fixed_menu_source_policy_contact_sheet.png","10789","2026-06-21 02:52:23","E471A62C6AC8713B6ACEB195F1BB2A077125AE0FF390CE90D2821029CD345917"
"official_generated\fixed_menu_source_policy.json","3945","2026-06-21 02:52:23","65C48DE5B0D32999D73EF4010B9375893C9FC739D137BFBE697E727062442595"
"official_generated\manual_pages\page-1.png","1629974","2026-06-20 21:22:56","888977ED572B37D7140F34707339A152305E86ECC3536F2433FBFE6FE35BFAC4"
"official_generated\manual_pages\page-2.png","1814361","2026-06-20 21:22:58","5C543CB1E2009E0FD18823E138AC88379B7149E23DAAE3F5292ED7A8C48ADA48"
"official_generated\official_howto_gif_contact_sheet.png","65613","2026-06-20 21:17:34","107CDD3C49E9AF3A176D7208BB3E2E12B21288547FE31BEF5529F3F2A896D675"
"official_generated\official_manual_fixed_menu_center_callouts.png","38631","2026-06-20 21:24:53","19575716A7EB9E7DE77551230311C4131A1A21D321D6E471DF763BC99B0DEB13"
"official_generated\official_manual_fixed_menu_device_callouts_grid.png","88015","2026-06-20 22:07:12","41D6F1188E7AA2E4CFEC0C68AA523C9EA470A684AE43842E10F85D9F00F1B6CA"
"official_generated\official_manual_fixed_menu_device_callouts.png","80373","2026-06-20 21:24:53","59C9D269693F5B8E114A0F327B738FC27EF0AF1C02BF329405D75E8667CF01A8"
"official_generated\official_manual_icon_legend_right.png","148677","2026-06-20 21:24:53","37550BCCCE2CCC9C5774661A21CFE4D4204463717E4351D15C25CE2402C4A8E5"
"official_generated\OFFICIAL_REFERENCE_README.md","9931","2026-06-29 11:24:39","339F9677C0291FF5F5A8E4D54291F15BC299915112265C1EA60A278AF1490D6D"
"official_generated\souvenir_official_alignment_proof.png","79908","2026-06-21 01:59:38","B8A290E0708645DD07F5BC7CDD298F4810B2468F7C3E35CCD3BD6230F64BEC2D"
"official_generated\souvenir_official_candidate_assets_contact_sheet.png","48124","2026-06-21 01:59:38","C5408E765FDE1BD260EC23AC100B2E0932FA562F963F3EDF14746D6BD56117B0"
"official_generated\souvenir_official_reference_manifest.json","29312","2026-06-21 01:59:38","339113C66DAEBD29FE6FF44D72FF36519DC1E2EDC7ACF039B1711173B2B6265D"
"official_generated\souvenir_official_source_overrides_contact_sheet.png","1361","2026-06-21 01:59:38","9C49A4BC7392568E1E92F77635E5C7F50BC0E68578604AEC1D34F6A0FE431DE3"
"official_generated\souvenir_source_semantic_status_contact_sheet.png","71725","2026-06-21 01:59:38","AC91D68E872E5FD8E8EC07F9F16E8829401D25FC701973DAE543BFA2C376F98C"
"official_raw\character\201_Kuroteletchi.html","17954","2026-06-20 23:05:15","B5C311C0AB04F733A80B2C7A80455FE675CF7CA6FF265B195D0C3E839CA0D133"
"official_raw\character\201_Kuroteletchi.jpeg","6007","2026-06-20 23:06:47","83C78CBD1B6EABDA70847CAC8C53EA0DBBC1BA32545714E8074516A95FD9B42F"
"official_raw\character\202_Shiroteletchi.html","17971","2026-06-20 23:06:48","1B4813A8678BB9197F3F2C289512F97868F54851D39CA54A21351147935A5547"
"official_raw\character\202_Shiroteletchi.jpeg","5956","2026-06-20 23:06:49","F77F22B1CAB87EC93E17B4129E116B3D7363765BD5CC9F0E179F9DA12AEE4397"
"official_raw\character\203_Tamatchi.html","17836","2026-06-20 23:06:51","0261D5E2708D3ED5E768E0341604470A87BAAB28427D6F29D99A5B0518753895"
"official_raw\character\203_Tamatchi.jpeg","7511","2026-06-20 23:06:52","3C7AA02ACC94F76DD34A53D37EA15F1AE9C898EA652EC731C1001ABCA2033AE3"
"official_raw\character\204_Mizutamatchi.html","17773","2026-06-20 23:06:54","606FAF6BEEA4D43E616D4F1FB1E9AFD1A44C1AD9C5495AB69184242A96D82C8C"
"official_raw\character\204_Mizutamatchi.jpeg","7678","2026-06-20 23:06:55","7A5AFD5A6FF939DB261653978099AF5B875D98E60F14FC46D3E11CE1FA7C465C"
"official_raw\character\205_Kuchitamatchi.html","17862","2026-06-20 23:06:57","4099F1693A10CD77768BE07F420B33F8DB385C91E2B5519E32B874DE865D3BAB"
"official_raw\character\205_Kuchitamatchi.jpeg","7216","2026-06-20 23:06:59","6C9D81B2F80A0B6BD3344348525518FC1CA8100EF8D3B5F4C8E617FB9B60386F"
"official_raw\character\206_Mohitamatchi.html","17773","2026-06-20 23:07:00","3BF2E61018AC6FA5C88AFD479CB090A66F3C3C13681567276D80358F1FD0DE21"
"official_raw\character\206_Mohitamatchi.jpeg","7285","2026-06-20 23:07:02","3E22F682C89616A5939547FDB2EBBB0C5FEFC96987B5CB3C2770AEC1F3DF0696"
"official_raw\character\207_Obotchi.html","17736","2026-06-20 23:07:04","EC6EEEAEC49A7E58CC259E22A8F0053E1E84EB6BAE1B64B162EBF56048D19971"
"official_raw\character\207_Obotchi.jpeg","8567","2026-06-20 23:07:05","D288FCC2F9BE1B1909CBE6ECA677434296CE27F7F5416F2F614539F4D5DF5979"
"official_raw\character\208_Youngmametchi.html","17947","2026-06-20 23:07:07","F36403D8C29ECE96C5890396B683795A86E5538D036E97571D5F1152F6D9DCFF"
"official_raw\character\208_Youngmametchi.jpeg","8400","2026-06-20 23:07:08","4A550FA590E789CE0CA95CFCC862DD9F87608A63B1C059A668A5328A254E6C87"
"official_raw\character\209_Batabatchi.html","17757","2026-06-20 23:07:10","A78A081C298E59FAA9CF7ADEFA4E6E9A1992ADC66EFD5F4C2DBBA579F638FFDD"
"official_raw\character\209_Batabatchi.jpeg","9951","2026-06-20 23:07:12","CEBCDD5E83E4FD88E2679B6DDF12E1F742624541ACCCA78312AD5BC76FE4FEA8"
"official_raw\character\210_Ichigotchi.html","17931","2026-06-20 23:07:14","7509D80538980F323E55CC5A922C9843376238137006ECD8A7AFF4665A8E7FF9"
"official_raw\character\210_Ichigotchi.jpeg","8539","2026-06-20 23:07:15","505454FD8C728F4368DEA37844C57DA688CFFA0579E8BFDC9BBB2B5031DACBDC"
"official_raw\character\211_Nikatchi.html","17949","2026-06-20 23:07:17","77B5DE33CBCE55005D4F1F1AEF4EB46310FA61CC8B0B668BEA5A0A2C2956BFA4"
"official_raw\character\211_Nikatchi.jpeg","9064","2026-06-20 23:07:18","A1D1CBE2883A4A987B360B9D7700865DE437D1FB5BF35B0DBF5F22013AE86333"
"official_raw\character\212_Pirorirotchi.html","17773","2026-06-20 23:07:19","918AD8B07034E465F2721FE911B49655CC4C175773FFAB9FB8E0D64CAB835D93"
"official_raw\character\212_Pirorirotchi.jpeg","8157","2026-06-20 23:07:20","428B45E3D7E2FF98D72906724FE5EDD086B3DF6B23F13ADCD7A185D1A5CEB4E0"
"official_raw\character\213_Hikotchi.html","17741","2026-06-20 23:07:22","26BDD129D438A392781698C56679BCF11AB2251AEE572575E3ECBC1026A3E6B8"
"official_raw\character\213_Hikotchi.jpeg","11135","2026-06-20 23:07:24","482A67C90C351588305BB338B533500D906C16FEC2C35C9DBC4213377A1630B9"
"official_raw\character\214_Hinatchi.html","17741","2026-06-20 23:07:26","2392EFEEA510F0E7E9FDCA828D5B559B5843A0944DBD831AFFD77AD8AAC245E4"
"official_raw\character\214_Hinatchi.jpeg","9024","2026-06-20 23:07:27","816DA6DB90B6D01267A907EFB780377D939EBD77D7E51DD13CE1A8F31C515A48"
"official_raw\character\215_Youngmimitchi.html","17963","2026-06-20 23:07:29","3E96B020240B1406A2EFDE27FD6BD65FF42652CAEF452191DF20333598CFEAFE"
"official_raw\character\215_Youngmimitchi.jpeg","8144","2026-06-20 23:07:30","EBD0720761F02F933260DB2265B6A5EA8DC3D8DE8A55C4527F92B52BE7B162FA"
"official_raw\character\216_Ringotchi.html","17949","2026-06-20 23:07:31","B65D53C519A5E31DCABEBD93215CBD9E39401A0CBECA3E975BF43D6DDDA549A1"
"official_raw\character\216_Ringotchi.jpeg","9178","2026-06-20 23:07:33","C063C5B989A1A3E99B138F26CF12BA018B9644BBEA97807B635381FE6E0F89FA"
"official_raw\character\217_Hinotamatchi.html","17967","2026-06-20 23:07:35","71CB053F6A7B6A7F018A8D9F15968203FD04BADE12DDA6869B2D846BCDA826BD"
"official_raw\character\217_Hinotamatchi.jpeg","8252","2026-06-20 23:07:36","C0F14E1F3DC91CE128890F756EA1752F4FA2FE1281570F14406BAF123ADE4AD5"
"official_raw\character\218_Hashitamatchi.html","17878","2026-06-20 23:07:38","319034C6D1BBB3542CF282434EC13A5E836D9A95B5BA3E5081A86F0057137BFA"
"official_raw\character\218_Hashitamatchi.jpeg","7372","2026-06-20 23:07:39","F47C370F41A6715710E731B638136D26CEAE0B085EFDE708123BFE5D6CEC3B5A"
"official_raw\character\219_Mametchi.html","17906","2026-06-20 23:07:40","A4F1F59D36B2F3D5184BCCFB75CAD7B62DF702C8AAE9E3A035CED15AEB45E37E"
"official_raw\character\219_Mametchi.jpeg","11320","2026-06-20 23:07:42","C71AC22F18775C8055FD256F7A4BDF5C1FB4D5999C44AC7384EFC4EB89551FED"
"official_raw\character\220_Furawatchi.html","17911","2026-06-20 23:07:44","A4AEE39BA24EDE5C56F16E9568482AD45C864C65178A5E6CE0BE6457A7611E78"
"official_raw\character\220_Furawatchi.jpeg","11956","2026-06-20 23:07:45","F2E172AEB7DA43D6107FE2DBFC36AAF6581362834FA4344869163D4A6F41C7DA"
"official_raw\character\221_Pyonkotchi.html","17763","2026-06-20 23:07:52","864D4F838CD50B4E16CF3F77C8198BA870E4C9B8F5F4E071A7EE5D1F9B4FBFD2"
"official_raw\character\221_Pyonkotchi.jpeg","11117","2026-06-20 23:07:54","E102140266F7AF99F953695E0356FC31625763AC4157FC025EFFBF4A3B6CB7E1"
"official_raw\character\222_Kuchipatchi.html","17934","2026-06-20 23:07:56","72C367ED8B0A3E5104D5A747369221575F9449255165D56FC7F5434D3C8E4338"
"official_raw\character\222_Kuchipatchi.jpeg","10162","2026-06-20 23:07:57","CEDE70DEB0F9F00F56ED0C9CD7BE474597A973D5BDF7FF5062CF62F46FAE78B9"
"official_raw\character\223_Memetchi.html","17915","2026-06-20 23:07:59","31E085BF06E760C2E9162C7FB4CE1CB9D138828F45F3CB9ED84151B0D76D289A"
"official_raw\character\223_Memetchi.jpeg","10649","2026-06-20 23:08:01","D8F307C8418EE562B4F062ED5E4978A82F3C4868A5F5C90D6B94064296BB5CA5"
"official_raw\character\224_Billotchi.html","17752","2026-06-20 23:08:03","657F3E602F90E45E8BA33C3FC131662B4AE5E1DEC824F2C60743F97556E6D938"
"official_raw\character\224_Billotchi.jpeg","8866","2026-06-20 23:08:04","8EC1BD9E056D3130CC01C74EE119825402F9EAC2BA4EA581F7F919D8C25F741A"
"official_raw\character\225_Tarakotchi.html","17910","2026-06-20 23:08:06","13A9EC9A757C3EF5E22933D3F6447FF424AFB5CA8BF397C11C3C54D314E5F261"
"official_raw\character\225_Tarakotchi.jpeg","10753","2026-06-20 23:08:07","3D8DD2103C400A5A246ADA9A24997D17A4A84FAD2A5FB65782A1F49B04C15A74"
"official_raw\character\226_Paparatchi.html","17969","2026-06-20 23:08:09","C2F67D0CEE723DD9EA42194694912A4B7479F3F20A827A25CB35C1CBA57E75FC"
"official_raw\character\226_Paparatchi.jpeg","12544","2026-06-20 23:08:10","2CE768DDF8FD3F08F3B3A8400B57C4A55C64F84705789AD5013346FBB4D6DB94"
"official_raw\character\227_Mimiyoritchi.html","17773","2026-06-20 23:08:17","3A0FE86ADE1D592192E1739A145D97F14E3F4FB2A2EBE26C9F68C606F6452FA8"
"official_raw\character\227_Mimiyoritchi.jpeg","9735","2026-06-20 23:08:19","0D162E9AF1F2853B48B3B2334778437F7EB39EAC1B32D5D75901E49761B37270"
"official_raw\character\228_Hanatchi.html","17933","2026-06-20 23:08:21","D09964A0FD39F1CBC93F06165B830CE20F4C433FD3840E365E7A09E36EC304FB"
"official_raw\character\228_Hanatchi.jpeg","9258","2026-06-20 23:08:22","21E9B61869B6138070AD92B955B9844EE932BF8937DE1BF4C03A90B1815652C2"
"official_raw\character\229_Hashizotchi.html","17852","2026-06-20 23:08:24","AD7B9D5989DCFF56A9D0A783B34AB58F2B949D6FEB08A0FEC1218FF9289F3DBA"
"official_raw\character\229_Hashizotchi.jpeg","10361","2026-06-20 23:08:26","7935847CCEB02CEC83DCF9543D2282491B27D1AF95BC8D06246A249D3B79B263"
"official_raw\character\230_Tsunotchi.html","17746","2026-06-20 23:08:28","3C04BC27ABB1D02F361F7B0D0CF95B2D6C60D61AAC92D7724037D2CB0B13927B"
"official_raw\character\230_Tsunotchi.jpeg","9371","2026-06-20 23:08:29","A3A84F34727874DEDAB26A4828CC8077190D2FF38931C5D608CACA8178DE4B85"
"official_raw\character\231_Maskutchi.html","17896","2026-06-20 23:08:31","FE0A6F9C873D3F264CF650BD39BDE5EF2B1A9244649B17273BC9FF6CB789871D"
"official_raw\character\231_Maskutchi.jpeg","8967","2026-06-20 23:08:32","56B49B80549EECD781D05E771948711BC38FFBAEB7CEB4B876736418B5021191"
"official_raw\character\232_Megatchi.html","17741","2026-06-20 23:08:34","52EED602CBB3F7BE3A6447F8B6EC8AE9C999F408326FF06830B052BDC7509370"
"official_raw\character\232_Megatchi.jpeg","9771","2026-06-20 23:08:36","6B5A25D5A71CE1CBA79D133886FB26A45209C35674BBC9ED90BA9D0AA89658C0"
"official_raw\character\233_Mimitchi.html","17894","2026-06-20 23:08:38","8987A352CD3E6C61C544BAAD4D8307BE44707BA61D8EB0A95F4039A96CB5C4DF"
"official_raw\character\233_Mimitchi.jpeg","9264","2026-06-20 23:08:39","DC13E22526C1CDABD684C9D81F8590E6F6E9024D126AD96A7868887859218617"
"official_raw\character\234_Chomametchi.html","17768","2026-06-20 23:08:43","059286A43FA230C2D14C386E196A545F73815F76F9B839EE9CE1ED395288CBF7"
"official_raw\character\234_Chomametchi.jpeg","10225","2026-06-20 23:08:44","BB83E893CF16DC0FF4812866B61BF5F90E8B2ED016E713B887DBD91F3C7E698F"
"official_raw\character\235_Dekotchi.html","17741","2026-06-20 23:08:46","40C0F8C121C2A3C6B69C2A08EAE7BF166919BA71AD27731D752BCEBAB1D0B604"
"official_raw\character\235_Dekotchi.jpeg","9499","2026-06-20 23:08:48","E72CDF25E624442CC7F95BF24B33DC12AFA8854319B149EF41663238DD2FCDD5"
"official_raw\character\236_Hidatchi.html","17741","2026-06-20 23:08:50","DC75F89D1D3078B684A55E75C12BEE9942E244D21FCAE324223FD03E7FB1AA11"
"official_raw\character\236_Hidatchi.jpeg","11368","2026-06-20 23:08:52","6BBCB9D9E0D082F2674FEB776057AE20AF45536E0B2C216B79E2CA40CFF520E1"
"official_raw\character\237_Debatchi.html","17949","2026-06-20 23:08:54","2C0AD3D01D5FC32B04DEB9DF0184D27A8D67C4CAB75E90EFB92EA20BCBAD3FB6"
"official_raw\character\237_Debatchi.jpeg","9777","2026-06-20 23:08:55","D868581768679AD92694BF16E8C0D9FA1A367AD3A5430D22BC57E2B8AC7519D9"
"official_raw\character\238_Bunbutchi.html","17752","2026-06-20 23:08:57","FA8C447570A0663AD2E73C0CFE853B81AF494D0D225EB8FAAA2F9677001DDD5D"
"official_raw\character\238_Bunbutchi.jpeg","10099","2026-06-20 23:08:59","55415BC6B88E5FD8EB5705B64A9448881B0A8DAC46A7BC464865F34190F384AC"
"official_raw\character\239_Pipotchi.html","17741","2026-06-20 23:09:07","8403CBE205730DD0B764CF0CA22BDDBC7BFAB3E717B0BA686BF07DA5A48E8416"
"official_raw\character\239_Pipotchi.jpeg","10733","2026-06-20 23:09:08","3CAF77789C4C111D9FD13AA737F525EE7DB7A8EB6E600A56CE02FA96FF15FC4B"
"official_raw\character\240_Drotchi.html","17939","2026-06-20 23:09:11","3E34283DBEE70FBC5AC12F225D3BD5886BFDEB743D635B373E14359E1C8FDA62"
"official_raw\character\240_Drotchi.jpeg","11196","2026-06-20 23:09:13","F85DE552FA75B150F78BC78FA609D95003C76D065C49879EEFEDA289F5B83308"
"official_raw\character\241_Bill.html","17709","2026-06-20 23:09:15","BA7F6304473D40E08B560FC03EE94C09B510D847E6576E562AFE22FABA74B633"
"official_raw\character\241_Bill.jpeg","11777","2026-06-20 23:09:16","AC27C6FB26A6B0FCCFEB1AF3CADA8F15F4AED1F78D23017B35215E3CC9FD8E3B"
"official_raw\character\242_Robotchi.html","17966","2026-06-20 23:09:18","C4A430E6B9D37351A2307F9C69FE5F89657DD9170A04AF9C539CBA140AC40D0B"
"official_raw\character\242_Robotchi.jpeg","10407","2026-06-20 23:09:20","BC31C4395F639FB11BF410F481D9E15DE51DEF0355E9C602B6FE335EE4CDCC5A"
"official_raw\character\243_Wooltchi.html","17904","2026-06-20 23:09:23","E24D5CEDA1F30D5558D32E084AED5190C5E7D0C703F80BF26CBB9A83A7BBF9B6"
"official_raw\character\243_Wooltchi.jpeg","12149","2026-06-20 23:09:25","70C77D114537A475DA2EF9149B33483099C7E1C7251EA5A2770CC6699DF4494D"
"official_raw\character\244_Teketchi.html","17741","2026-06-20 23:09:27","0033B531B8893135EA7CEC2D5E94E396BCEF7608E8493009BF9BCA3961F0C8C5"
"official_raw\character\244_Teketchi.jpeg","10778","2026-06-20 23:09:30","B6AECD653F9808509A57F32C0A55515A6BF6EC7C1645A17648A884400D84DA5C"
"official_raw\character\245_Gozarutchi.html","17894","2026-06-20 23:09:32","0FF6DDCA1720EA619E50D49DBFD6C1F0414E87346CE3EB17125B262989007903"
"official_raw\character\245_Gozarutchi.jpeg","8973","2026-06-20 23:09:33","B904318AD2C10BE0C84D7DC385FC48B06CF94AA72D1E5E15353BCAFE4E8E256E"
"official_raw\character\246_Warusotchi.html","17757","2026-06-20 23:09:35","B32C2372103B3C8E81B51A063D74EE19473290614BDFC51172741F844F19E3B2"
"official_raw\character\246_Warusotchi.jpeg","10958","2026-06-20 23:09:37","1A822195725DE40CB136379B3267B7408B6FE7D94ACAE2FC2183DFECC1F953AC"
"official_raw\character\247_Sekitoritchi.html","17773","2026-06-20 23:09:39","B250E393CC67E5FB8A36DC567742B682547C0CAD0BCD495BC7CAF3A4C7DBF233"
"official_raw\character\247_Sekitoritchi.jpeg","11918","2026-06-20 23:09:41","CF343BA30F48C5A8342F8E47B17912E0148060BD8E3D0C9C107CA87794F3CFA8"
"official_raw\character\248_Oyajitchi.html","17948","2026-06-20 23:09:44","1CC15D9A2308006C5FB47D4CB53E0A1AF5ED916363009B02C47555B01D7342CD"
"official_raw\character\248_Oyajitchi.jpeg","10851","2026-06-20 23:09:45","0DCC9F996E0B551A11808C4B21DB5F4D20FD3582E9C6826C1D43C8DECF666939"
"official_raw\character\249_Ojitchi.html","17923","2026-06-20 23:09:47","8CA8DD6A0E4C91DB19D0EE7EED3239BFF43091A081FE1DFF06180AF74FA92A6D"
"official_raw\character\249_Ojitchi.jpeg","12485","2026-06-20 23:09:49","C0ED0575DFC3DF1DEF7D20526077E8F03708472AC3149E4F8B7E00C93952F65D"
"official_raw\character\250_Otokitchi.html","17990","2026-06-20 23:09:52","0BD4384BD95FF5AC57C2035D2DF350FF06778994C6429D4DC65E53BE901D861B"
"official_raw\character\250_Otokitchi.jpeg","12628","2026-06-20 23:09:53","BFE75CCE7CB11CE67ACA2CE564769B62F79A373FF4B78AFEE677DCD649330F74"
"official_raw\howto\images__howto__breed__img_breed_02.gif","8084","2026-06-20 21:12:16","EE55058632867A9A49207120CE912725B2FA422676D9EEC852470486EA475BD8"
"official_raw\howto\images__howto__breed__img_breed_03.gif","37381","2026-06-20 21:12:18","1B66A998A4F93C39CB0649212A6134C105179C0DE233294D152FCB5AE4DD4588"
"official_raw\howto\images__howto__breed__img_breed_05.gif","10682","2026-06-20 21:12:19","E5B76C584F144F9BE8360C193BAB1F31C0E445AAC7C3ECD015D782C8C1C7ED63"
"official_raw\howto\images__howto__breed__img_chara.png","28324","2026-06-20 21:12:23","E9650959065F895E758A799702D6E4614DE9743FFF774DDF03A71D8693BA57D9"
"official_raw\howto\images__howto__breed__img_icon.png","9681","2026-06-20 21:12:24","558B47829C147E3BB3AD166465EEE3AEC3C563702670161475BBADA2DF76484C"
"official_raw\howto\images__howto__connect__img_chara.png","28332","2026-06-20 21:12:27","20892C8958FF40642F29765705ACFB70342F1F6E954FBCF0BD93FE760A95EDAA"
"official_raw\howto\images__howto__connect__img_connect_01.gif","2223","2026-06-20 21:12:29","49CD151D249F5B5532BBCCBB7051618734E03E8C48EDC9E937D13D6F1F0B8B5D"
"official_raw\howto\images__howto__connect__img_connect_02.gif","2237","2026-06-20 21:12:31","6C8793F1306B976434C4451960C021B93832FE70C69FC6F85AECAD526E059326"
"official_raw\howto\images__howto__connect__img_connect_03.gif","27129","2026-06-20 21:12:33","A029B5A39A3B73A008124DEA894FBAC4F1DA2E8F6DA711FA786F71E26199DEBC"
"official_raw\howto\images__howto__connect__img_connect_04.gif","33051","2026-06-20 21:12:35","A162A2685FC340A8EF6535CC4E0C3D4FCDDD76EAC88B114B1DFA2D8D5F2E9344"
"official_raw\howto\images__howto__connect__img_connect_05.gif","54770","2026-06-20 21:12:37","14E839834F79A0C1284669EBC1D93830002FB2BA2ED0E869619B5C116E0CA33C"
"official_raw\howto\images__howto__connect__img_connect_06.gif","57972","2026-06-20 21:12:40","3886746F1AECF7810A78DFC1B5FA49B756A4B35A0A4FE44D128AADB24B4843E2"
"official_raw\howto\images__howto__connect__img_connect_07.gif","11129","2026-06-20 21:12:42","BE36354A99FC10C4E8654EDC9D1625DDCEDCEA16B0622D544BC13CB203723E9A"
"official_raw\howto\images__howto__game__img_chara_01.png","22314","2026-06-20 21:12:43","66E004A21ED0A09F561CB3464057EDFAC481CC73A9F36E3534B1AA1F85167C37"
"official_raw\howto\images__howto__game__img_chara_02.png","27695","2026-06-20 21:12:46","6AA5D1C3202C0FD509DA310D4241B84224F5A7504D203CC75064A38B52070FC0"
"official_raw\howto\images__howto__game__img_game_01.gif","8699","2026-06-20 21:12:48","F1ACDB5768B668EDE026343D19B9C05C0D2AC8C9FC1DCBAD4D952D04A987FB35"
"official_raw\howto\images__howto__game__img_game_02.gif","24774","2026-06-20 21:12:50","A547041175594A4F7167FA27EB6BBD447EA2227B2E0504057799197E30F8AD52"
"official_raw\howto\images__howto__game__img_game_04.gif","29335","2026-06-20 21:12:51","16A2F9177BDC7A51F62229F7282155524287F8E0F4463B91A5947DE63DFD4364"
"official_raw\howto\images__howto__game__img_game_06.gif","38926","2026-06-20 21:12:53","CE24245B795D297E2314108EAD4F71C8DDD710DCCAFDB5E19F2EA8C306060162"
"official_raw\howto\images__howto__game__img_game_07.gif","13604","2026-06-20 21:12:55","5277F62F1B9BA14568F02A05C229E7211E69510877B7A80088FF6CE2F2D9BA0E"
"official_raw\howto\images__howto__growth__img_growth_01.gif","34125","2026-06-20 21:12:58","7740D7AE740EE23756DAAF25EC207B48609D55DA7C884BA6B16CFBED4C914D4C"
"official_raw\howto\images__howto__growth__img_growth_02.gif","2702","2026-06-20 21:13:00","203A679D5697E713AED8AE97D90D19024DE3739A4FA5E444BD489AB19325E9FB"
"official_raw\howto\images__howto__img_num_01.png","2958","2026-06-20 21:13:01","519CAE65EA5FC8C1966BE6D0D7297AAA2FCED1AF525DFC792F673DF3CB46821B"
"official_raw\howto\images__howto__img_num_02.png","3461","2026-06-20 21:13:04","EBB010F172BA3C7C513D71BAA731610E7EA06F1D1287E163239CFF04CBD9F54C"
"official_raw\howto\images__howto__img_num_03.png","3682","2026-06-20 21:13:05","B252903F3B694738A76E454325FE26E8B42871810FA5DB153E06D67A63D021D9"
"official_raw\howto\images__howto__img_num_04.png","3139","2026-06-20 21:13:07","4D1FE1C3F8C5907117ABD9CC06E6601D9ED18C6C9BC2981736C440FC6391D707"
"official_raw\howto\images__howto__img_num_05.png","3168","2026-06-20 21:13:08","77631EFA5B1568A40954F630E42D0ED4AE4CD0C4B28F6DF93CE301EC2AD10020"
"official_raw\howto\images__howto__item__img_chara_01.png","35827","2026-06-20 21:13:10","6974FBB057C3375A7FB5E96C3CEA7194FD0DE0609A499AF7616E3A4C20657002"
"official_raw\howto\images__howto__item__img_chara_02.png","16045","2026-06-20 21:13:12","7938F9BB620C964134487325DFCE17F9F1D72B9F6748631BAAD396A5DB3FB8D8"
"official_raw\howto\images__howto__item__img_icon_01.png","8480","2026-06-20 21:13:14","E15C8A7337A4D126A876C41730162E57A9C913CCBF1AFF6DE33B805B21781975"
"official_raw\howto\images__howto__item__img_icon_02_pc.png","48428","2026-06-20 21:13:16","1F25F20FEEDE72B7F5A6A92F86C2F5FFAA8E075FD8700C92562396A837CE07E3"
"official_raw\howto\images__howto__item__img_item_01.gif","6995","2026-06-20 21:13:19","7DD972AE71DCD5B88BAEBC80A0AA7353AD5DBF7163E6000F6AC76F8EC7C02729"
"official_raw\howto\images__howto__item__img_item_02.gif","7621","2026-06-20 21:13:21","E6EA31C8570D083C20D8EFC96BDA34924B6E62841C082C59F17469FEBF97B3D5"
"official_raw\howto\images__howto__item__img_item_03_pc.gif","266258","2026-06-20 21:13:26","C059A5E9C64D9FF573429CE317D799B10FC2A62C1B118638190B45FCEA7047EB"
"official_raw\howto\images__howto__play__img_play_pc.png","84135","2026-06-20 21:13:30","FAE6D500404176A623CE0A80ED3C3D66BB518A4B92A163FA05CCEC7C74A12A82"
"official_raw\howto\images__howto__special__img_chara_01.png","24704","2026-06-20 21:13:32","DFB6128AE116F0FE1F77759A89EDFDEA90CCEC31159A627528A7885B3E757D10"
"official_raw\howto\images__howto__special__img_chara_02.png","13273","2026-06-20 21:13:35","52920BC5E8F53D864E43BB1E0F42DE87542CFC7AED8A20536A420642E6008974"
"official_raw\howto\images__howto__special__img_icon_01.png","10025","2026-06-20 21:13:37","5EF570D407B92B12E488B9CE3126B12CFFEE073E37B1841CBC761B2DC435029B"
"official_raw\howto\images__howto__special__img_icon_02.png","8164","2026-06-20 21:13:38","0EFD4034BF85758FBBEAEDF3BE2C79116329FA6DF5E80807B901C22C33BB985E"
"official_raw\howto\images__howto__special__img_special_02.gif","3688","2026-06-20 21:13:40","93C10E4A299B8F2C501A78C5FFEC28D2BC40ECFA4BF7C88C9C8452377084F862"
"official_raw\howto\images__main__common__logo.png","57164","2026-06-20 21:13:43","EAACE0B3ED7A033FCE473FC171B2D418B3D516F50C3D5F93239DED51CF5DE79F"
"official_raw\howto\images__main__howto__breed__img_breed_01.gif","2180","2026-06-20 21:13:45","A969B284AF6046CE48B3A8AC9334B214E8566BDDDB6C478B2ED9661CE10D9AC8"
"official_raw\howto\images__main__howto__breed__img_breed_04.gif","5660","2026-06-20 21:13:48","F1DA97C0633CA75CEB1391D6916F4C8BF892B5B4C04D83EB4F82BED1C133C9A5"
"official_raw\howto\images__main__howto__breed__img_breed_06.gif","7874","2026-06-20 21:13:51","5ED2D37DC19253F978807DF81A82E33B3FA1CD89F78E6713F46BC94E94AA980F"
"official_raw\howto\images__main__howto__connect__img_infrared.png","289072","2026-06-20 21:13:57","A4F0D17EDDC217F0D23A364F0B300821E328EA74815A96188DA937FF4C816043"
"official_raw\howto\images__main__howto__game__img_game_03.gif","14722","2026-06-20 21:13:59","34D1C25588F8DAB2097B571486C77D9DB59E067F30F9C77DD040DD5030498B17"
"official_raw\howto\images__main__howto__game__img_game_05.gif","5745","2026-06-20 21:14:01","54820B29D29FB3322CB2ECE4F7623EF2FD3A786CAC97D8CEB7690AA1DDB65C29"
"official_raw\howto\images__main__howto__growth__img_chart.png","10683","2026-06-20 21:14:03","E0BBA4EA2E28B1A0CD17EE98B0D21FA70A505B72B1A17B9E7E93508162B9067B"
"official_raw\howto\images__main__howto__special__img_special_01.gif","10364","2026-06-20 21:14:05","488A0E96817FE8CEB01A76700073F8B48F0C3A9C2E773D1BD08B927B95D49AAD"
"official_raw\howto\images__main__howto__tit_connect.png","55961","2026-06-20 21:14:08","79D3CB526705D87EAE52962402DB333ECE01C2813A33EE6CB6DD9F4F00BFE481"
"official_raw\manuals\bandai_connection_2024_instruction_manual.pdf","1411786","2026-06-20 21:19:01","83C0B9B8B799D95D28C3E3CABCC30322FA03B18E5D12387E44768243CCE86D7F"
"README.md","6218","2026-06-29 11:46:35","D6C22383FDD42CC1717A3154798386B644534B17847DD0E7F5E360D1ED51EB24"
"replacement_manifests\catalog_replacement_manifest.csv","37906","2026-06-29 11:25:08","EFF6E1F17380081E94E296E51052F07D2536181F1B87BBDF8D5FA396B585013F"
"replacement_manifests\catalog_replacement_manifest.json","167069","2026-06-29 11:25:08","443B26943B262D26DFDDBFD802BCEAF07FCC47C154429B72A68B081A7EC09BD7"
"replacement_manifests\character_replacement_manifest.csv","9198","2026-06-29 11:25:08","0C43832FFB926EF60E619B36AE193F3E581AB992F1F3E9B4072E9FCFA0FFF92A"
"replacement_manifests\character_replacement_manifest.json","67760","2026-06-29 11:25:08","3F00EBAB0BD843F3FC09CACF873E53E2029872666B934AA78E51FF8E8C14C88F"
"replacement_manifests\resource_replacement_manifest.md","5755","2026-06-29 11:25:08","430943446A27F2FE6B345CB75A1064F61E81F30BDFA9E913E5D8F1D1A09AC3BD"
"replacement_manifests\souvenir_replacement_manifest.csv","8763","2026-06-29 11:25:08","65CDCA900C844C0669E30F3E7A772E08C3031EE0E2D0090105F9C566D4CD763B"
"replacement_manifests\souvenir_replacement_manifest.json","43114","2026-06-29 11:25:08","B3B79B396858E043A0ABCA886AA35A4D1FE25277F93559C87F770367B47B212A"
"reports\completion_audit.md","33752","2026-06-29 15:21:05","B3F949DBD033E7499925E57D06639C5E96B26C428869655BAA4F348370772BCC"
"reports\CONNECT_ALIGNMENT_CHECKLIST.md","40616","2026-06-29 11:47:36","9462DED3A706117B6387396A36B17D42BCE74F19A3FC599E0BD8B94D9B8AB9CE"
"reports\CONNECT_BURNDOWN_PLAN.md","8461","2026-06-17 11:52:50","08FD272A4892B1B30571942093D08BB7743C25E03CF87C247863179E2E0D2F89"
"reports\CONNECT_GROWTH_SPEC.md","15893","2026-06-20 14:41:55","D2D406167A45EE9B1AECF3BDD99EB418CD70FAED9CD15C99EE1F913A80D39A19"
"reports\CONNECT_PARITY_TASKS.md","31086","2026-06-29 11:42:12","728EE0EE401411D0DC695869986DF5138A675AFB714CDE96AC887832BBE5B661"
"reports\CONNECT_REMAINING_BACKLOG.md","33528","2026-06-29 11:42:12","51AD333CCEF0C1A14A3AE149DBDD8B7C213DF5E110AB8A16C66F0E05F1DB5D9B"
"reports\CONNECT_SOURCE_LEDGER.md","38209","2026-06-29 15:18:50","70ED4F869F08AA4EEA355F9651DF89A69BE30A62CE9E211016B3B3E8976706B1"
"reports\ECHOPET_MIGRATION_BOUNDARY.md","1828","2026-06-29 11:14:06","5C647D0409F2D96089A820FA5EDEB5E8792526C561068C8214AEE27E2A9C65E9"
"reports\GIF_ANIMATION_AUDIT.md","9968","2026-06-18 04:56:53","8B42F5FBED5E52F0630C3A7BBF3227D8FFD36FDB1D7111ADCBED7A0EF6989327"
"reports\growth_coverage.md","14082","2026-06-20 15:08:36","48196897C5433D2DF1BA4C68A062C5EEF596801A4FCB6AE54F97BD65E843285F"
"reports\hardware_readiness.md","13647","2026-06-29 10:46:31","AE98B54A5592B3A1E083280F27AF63F870B34CCE0EB4F6E5F409DFB20AEA00D3"
"reports\LINK_CONTRACT.md","13837","2026-06-19 21:37:26","E003C010E366F507EB96B186BBAE3FB1E5BDCBFE4CB10BF79D7297950BD0577B"
"reports\parity_resource_coverage.md","19037","2026-06-20 15:08:36","70EE3C5B55176B2C972A55AAB8F346E89A867BC3CE37EDB0CD7863EDC53D7EBF"
"reports\README.md","2629","2026-06-29 11:15:16","758B2469882E47718C670F5EFB5FCC420E200BD3840BEB0EC38D18ADB6BD74E7"
"reports\resource_replacement_manifest.md","5755","2026-06-29 11:25:08","430943446A27F2FE6B345CB75A1064F61E81F30BDFA9E913E5D8F1D1A09AC3BD"
"reports\runtime_resource_audit.md","26878","2026-06-29 15:20:06","C67797F4229CE9CCEBF4AE5D1C631FBBE42C00080EE8B13811A0738B33F24AD1"
"reports\RUNTIME_RESOURCE_CONTRACT.md","2069","2026-06-20 14:58:04","8021AA67B24FA1EA9919C89C99BF34527D8CA4FFFB17F2EFE8DC843C1456AC92"
"reports\SOURCE_AND_HARDWARE_BLOCKERS.md","6213","2026-06-29 11:15:09","D2C98017518A654644D2128A0B27CE158747223FB7BFEC843CE765BD1FB2F337"
"reports\source_evidence_probe.md","6626","2026-06-29 15:19:43","4601E7D0D4EB8CADB1405A937FCD98C652A9948ACD34486C40AA44C2FC05F138"
"reports\T_ECHO_LITE_HARDWARE_ACCEPTANCE.md","84080","2026-06-29 10:46:13","1930B761A2F5B6C1EAFC09473A03EA540CE6CF35A9D1A1278A185CF04FCE97C5"
"reports\VISUAL_ALIGNMENT_GATE.md","4955","2026-06-29 10:03:42","46BBEABF88707FF1657F0AA0D685B8B22C72CE316C09250BF7E4F35070D75C14"
"reports\visual_alignment_report.md","18937","2026-06-29 15:20:51","CF3768A23955A8117E867194C383D152A4D6400BC9B944B96EBEE17E5D9C9386"
"reports\VISUAL_REFERENCE_CONTRACT.md","31306","2026-06-29 10:55:19","E36BC304BC0BC606153C15CF2648A5C03F711C3B0078696648D38DF3C19645B0"
"resource_drawing_spec\catalog_art_drawing_spec.csv","118124","2026-06-29 10:55:40","E2544E19BF71A00ADF2C13EFA7E2E75E3377C42171F3A8D0C681243EEDE24360"
"resource_drawing_spec\catalog_art_drawing_spec.json","239332","2026-06-29 10:55:40","7F750D1F9D9D10AE1C1BFF3BC7A1B217B85D8CF6118514F18A66794CB793128D"
"resource_drawing_spec\resource_drawing_spec.md","38722","2026-06-29 10:55:40","069614EFA8E6EC8A1DF1E55BF101EA415A01C871682B5EB8C5052662AC7694B8"
"resource_drawing_spec\souvenir_art_drawing_spec.csv","42801","2026-06-29 10:55:40","9EB6D12B648B99C6FF64298FACA11B10F2DF9C1B635C94FCC20EE86016F7F895"
"resource_drawing_spec\souvenir_art_drawing_spec.json","85074","2026-06-29 10:55:40","D394A542FC7E3B19BB76686ECA671AF015579932F22DE1B7C4F0C5D63546F5D8"
"RESOURCE_INVENTORY.csv","68283","2026-06-29 11:47:46","19EED8B3B8F28E7FA255F5522BA684C6A3C1C5823B44B2D1B9F75778FED0F299"
"RESOURCE_INVENTORY.json","106337","2026-06-29 11:47:46","C5AF6F2A2C6BEFD3FF2051DB89E6AE6516D8630A027EB7176D5A4DDF00614772"
"runtime_cxx_resources\EchoPetCatalogVisuals.cpp","65699","2026-06-21 02:14:17","EAAA212072FCB8BD517263CB232D2B80AB62BA6407385ECF611EA46BB07EDF25"
"runtime_cxx_resources\EchoPetCatalogVisuals.h","1028","2026-06-20 23:39:48","795F20F37EF6643F7D1B5A89C13D7EC8DB3B215DBA8587A3EB71477E169AE700"
"runtime_cxx_resources\EchoPetCharacterVisuals.cpp","35278","2026-06-29 10:02:59","EFDEA6611C2E3A7D13FA42063A9ED15EB4B8FD18282070FB2B10277AC8ED29D8"
"runtime_cxx_resources\EchoPetCharacterVisuals.h","898","2026-06-21 00:01:42","936019F4D7CFBC48E53D1E281A83C970749017641B3FB636A5D9751CFFEBB7ED"
"runtime_cxx_resources\EchoPetMenuIconResources.cpp","11088","2026-06-21 02:52:23","1B9D8723B4EB7748A0510302363EC8164CCA5408F972E56BC33A126ACBD1FE5C"
"runtime_cxx_resources\EchoPetMenuIconResources.h","785","2026-06-20 21:41:29","FE6C8420FCECCD4FD1A4548F0CC19C1AFD4CF7A323D32E40615EE1C531525021"
"runtime_cxx_resources\EchoPetResources128.cpp","198","2026-06-20 21:45:59","8D3424A277A064C27E777CDD5194D2500C1197FFBFEA066F12A0466EAC6E3E33"
"runtime_cxx_resources\EchoPetResources128.h","148","2026-06-20 21:47:50","2DD4A2757CD50235A2F5E95420A7CBCD5A2298311B4DBD6485956EEA4CE8656F"
"runtime_cxx_resources\EchoPetResources64.cpp","189","2026-06-20 21:45:35","B4926E0A6C98D470F1329D6D8096190A3B215EC8EC0FBC05EE5A5DE7F0DBD967"
"runtime_cxx_resources\EchoPetResources64.h","147","2026-06-20 21:47:02","1E7C4DC3923E56EB6912A72DEFD10C58C013CE5A84A0BF15959A554C4DB76F37"
"runtime_cxx_resources\EchoPetScreenResources.h","418","2026-06-16 18:46:38","B07D63542B5B3CB1167FC9D56D706364A0166D629DCE402FAC178C88017541BC"
"runtime_cxx_resources\EchoPetSprites.cpp","92137","2026-06-19 16:55:18","1321778EE143A39ED0654BD5581013C1E7989DB6435F94F473F703C1AA38B187"
"runtime_cxx_resources\EchoPetSprites.h","2357","2026-06-18 02:59:50","49F460E059B72BF07999949F6E630B5E17B412D56D63D07EDD0DC025B55C7A05"
"scripts\generate_catalog_entry_source_arrays.py","9068","2026-06-29 09:44:53","46D059A033A5A029DB42C1577C9B99F6854D1F8272600F3012DC960CCA08AF24"
"scripts\generate_catalog_item_reference_sheets.py","22394","2026-06-29 11:22:21","F7798AF13DDE7936199754E64BCDA2A3ADA460D60613FDFE06946E76A305EC9D"
"scripts\generate_character_reference_sheets.py","8718","2026-06-29 09:45:23","7D15EFD0490350E9C5650E2F1C44EDB699BC0C9384637CAD81EE17FA4DEE808E"
"scripts\generate_character_source_arrays.py","13406","2026-06-29 10:02:41","3A18F80CF6B22CF2EA28FB0A464FBDB637C962A5EB7B35C838727E45C57903A6"
"scripts\generate_completion_audit.py","21563","2026-06-29 11:45:03","142740649BD18B9D14E157A14E544566C3C16F4AA4112CEECEA62FB35C6A64A7"
"scripts\generate_fixed_menu_reference_tiles.py","3684","2026-06-29 09:44:53","F6DDA68D010FB11EB3D79EBC34125D98EBBF3DDBE71A36EE640011AA8C4DBBA9"
"scripts\generate_hardware_acceptance_matrix.py","16271","2026-06-29 10:44:33","9B93CDE09318E8E892C178B21CCE07DDB21149AD975F0BBE4DB33A0CF6C9277D"
"scripts\generate_menu_icon_alignment.py","5670","2026-06-29 09:59:19","E854A0A9394D0AD12675DF08E1DAE5879E530B6454122D5B3559ECAA098CCAD7"
"scripts\generate_menu_icon_source_arrays.py","10656","2026-06-29 09:44:53","E2EBE352881E027DFD1AACB67DC5710008E38DC9AB8F7EDF1559A534E0F0C894"
"scripts\generate_official_reference_sheets.py","1830","2026-06-29 09:44:53","0070412320022382F5A93F34FF21A46F61B748504A792CE1C4C052FAB26BEB18"
"scripts\generate_resource_drawing_spec.py","15589","2026-06-29 10:53:44","69F77D4DA6857748677366D3D72512383F50A8CA236FE50C01D35D81164167FC"
"scripts\generate_resource_replacement_manifest.py","34152","2026-06-29 11:24:58","F4017472B7C85D34488B0E8FDEA2C7864BB78627AE7603CFE2BBE272B6B031CF"
"scripts\generate_runtime_resource_audit.py","7480","2026-06-29 09:44:53","CED642E25005635D90C747195871E9F58AEE368FE78DC2BF0CDDC10D82499F8B"
"scripts\generate_source_blocker_matrix.py","21350","2026-06-29 11:13:40","CAE294BE05540985DA569C09A912ABF15D9CFFE1C9DD783F759BA4787FAF0D9B"
"scripts\generate_source_evidence_probe.py","19950","2026-06-29 15:19:36","69CE08E31110A844DF3C8E7ED96FF9F3FDBED305AF282709324188E888E11FC2"
"scripts\generate_souvenir_reference_sheets.py","21633","2026-06-29 09:45:23","6D2DC1328F213E114F9AD072D6CA96A9DF542B6EBDE8864AA99BD4193175209E"
"scripts\generate_visual_alignment_gate.py","32779","2026-06-29 11:24:19","9B80688B83263F450DE10D59CC43EFCEC54C188F5469C0A9D229A7D02EEB5C3F"
"scripts\official_sources_manifest.json","7532","2026-06-21 02:54:57","47EB9CEE70DE2275C99CE1C0BA68584E99B8631143A959A0B447C64262443819"
"scripts\README.md","9931","2026-06-29 11:24:39","339F9677C0291FF5F5A8E4D54291F15BC299915112265C1EA60A278AF1490D6D"
"scripts\run_simulator.py","3107","2026-06-29 09:45:40","895C53C02D7420C39E9512987EFAF2EB916D8E8FF2C0793CBAAE577FD60B539B"
"source_blocker_matrix\source_blocker_matrix.csv","26708","2026-06-29 15:20:05","EA123F91E5ADBFC0294A7FBDDE7BE0524B29F1189D897EDBF43586966F33DF95"
"source_blocker_matrix\source_blocker_matrix.json","48515","2026-06-29 15:20:05","92FD87053749032984071E31FF97CEF18FA9C4BF205B7FB748BEA8C6B8A8E77A"
"source_blocker_matrix\source_blocker_matrix.md","12594","2026-06-29 15:20:05","71B790A467AC3BE3F20F757C57722936FA1DD9F424385E4AD41235077374647C"
"source_evidence_probe\source_evidence_probe.csv","5904","2026-06-29 15:19:43","860FFB33E9CC9C2A63E04BF675C4057D54F1A55E808FE39AFEB26275ED714813"
"source_evidence_probe\source_evidence_probe.json","8604","2026-06-29 15:19:43","E46EEC5201281F8D1639307F976C637082104A1DA04F9316FB670B2A1CF918D5"
"source_evidence_probe\source_evidence_probe.md","6626","2026-06-29 15:19:43","4601E7D0D4EB8CADB1405A937FCD98C652A9948ACD34486C40AA44C2FC05F138"
